<?xml version="1.0" encoding="UTF-8"?>
<kml xmlns="http://www.opengis.net/kml/2.2">
  <Document>
    <name>file_kml_010.kml</name>
    <Style id="line-FF5252-1200-normal">
      <LineStyle>
        <color>ff5252ff</color>
        <width>1.2</width>
      </LineStyle>
    </Style>
    <Style id="line-FF5252-1200-highlight">
      <LineStyle>
        <color>ff5252ff</color>
        <width>1.8</width>
      </LineStyle>
    </Style>
    <StyleMap id="line-FF5252-1200">
      <Pair>
        <key>normal</key>
        <styleUrl>#line-FF5252-1200-normal</styleUrl>
      </Pair>
      <Pair>
        <key>highlight</key>
        <styleUrl>#line-FF5252-1200-highlight</styleUrl>
      </Pair>
    </StyleMap>
    <Style id="poly-851AE4-2000-163-normal">
      <LineStyle>
        <color>ffe41a85</color>
        <width>2</width>
      </LineStyle>
      <PolyStyle>
        <color>a3e41a85</color>
        <fill>1</fill>
        <outline>1</outline>
      </PolyStyle>
    </Style>
    <Style id="poly-851AE4-2000-163-highlight">
      <LineStyle>
        <color>ffe41a85</color>
        <width>3</width>
      </LineStyle>
      <PolyStyle>
        <color>a3e41a85</color>
        <fill>1</fill>
        <outline>1</outline>
      </PolyStyle>
    </Style>
    <StyleMap id="poly-851AE4-2000-163">
      <Pair>
        <key>normal</key>
        <styleUrl>#poly-851AE4-2000-163-normal</styleUrl>
      </Pair>
      <Pair>
        <key>highlight</key>
        <styleUrl>#poly-851AE4-2000-163-highlight</styleUrl>
      </Pair>
    </StyleMap>
    <Style id="poly-9FA8DA-2000-196-normal">
      <LineStyle>
        <color>ffdaa89f</color>
        <width>2</width>
      </LineStyle>
      <PolyStyle>
        <color>c4daa89f</color>
        <fill>1</fill>
        <outline>1</outline>
      </PolyStyle>
    </Style>
    <Style id="poly-9FA8DA-2000-196-highlight">
      <LineStyle>
        <color>ffdaa89f</color>
        <width>3</width>
      </LineStyle>
      <PolyStyle>
        <color>c4daa89f</color>
        <fill>1</fill>
        <outline>1</outline>
      </PolyStyle>
    </Style>
    <StyleMap id="poly-9FA8DA-2000-196">
      <Pair>
        <key>normal</key>
        <styleUrl>#poly-9FA8DA-2000-196-normal</styleUrl>
      </Pair>
      <Pair>
        <key>highlight</key>
        <styleUrl>#poly-9FA8DA-2000-196-highlight</styleUrl>
      </Pair>
    </StyleMap>
    <Style id="poly-A1C2FA-2000-107-normal">
      <LineStyle>
        <color>fffac2a1</color>
        <width>2</width>
      </LineStyle>
      <PolyStyle>
        <color>6bfac2a1</color>
        <fill>1</fill>
        <outline>1</outline>
      </PolyStyle>
    </Style>
    <Style id="poly-A1C2FA-2000-107-highlight">
      <LineStyle>
        <color>fffac2a1</color>
        <width>3</width>
      </LineStyle>
      <PolyStyle>
        <color>6bfac2a1</color>
        <fill>1</fill>
        <outline>1</outline>
      </PolyStyle>
    </Style>
    <StyleMap id="poly-A1C2FA-2000-107">
      <Pair>
        <key>normal</key>
        <styleUrl>#poly-A1C2FA-2000-107-normal</styleUrl>
      </Pair>
      <Pair>
        <key>highlight</key>
        <styleUrl>#poly-A1C2FA-2000-107-highlight</styleUrl>
      </Pair>
    </StyleMap>
    <Style id="poly-EDA29B-1200-133-normal">
      <LineStyle>
        <color>ff9ba2ed</color>
        <width>1.2</width>
      </LineStyle>
      <PolyStyle>
        <color>859ba2ed</color>
        <fill>1</fill>
        <outline>1</outline>
      </PolyStyle>
    </Style>
    <Style id="poly-EDA29B-1200-133-highlight">
      <LineStyle>
        <color>ff9ba2ed</color>
        <width>1.8</width>
      </LineStyle>
      <PolyStyle>
        <color>859ba2ed</color>
        <fill>1</fill>
        <outline>1</outline>
      </PolyStyle>
    </Style>
    <StyleMap id="poly-EDA29B-1200-133">
      <Pair>
        <key>normal</key>
        <styleUrl>#poly-EDA29B-1200-133-normal</styleUrl>
      </Pair>
      <Pair>
        <key>highlight</key>
        <styleUrl>#poly-EDA29B-1200-133-highlight</styleUrl>
      </Pair>
    </StyleMap>
    <Style id="poly-FBC02D-2000-92-normal">
      <LineStyle>
        <color>ff2dc0fb</color>
        <width>2</width>
      </LineStyle>
      <PolyStyle>
        <color>5c2dc0fb</color>
        <fill>1</fill>
        <outline>1</outline>
      </PolyStyle>
    </Style>
    <Style id="poly-FBC02D-2000-92-highlight">
      <LineStyle>
        <color>ff2dc0fb</color>
        <width>3</width>
      </LineStyle>
      <PolyStyle>
        <color>5c2dc0fb</color>
        <fill>1</fill>
        <outline>1</outline>
      </PolyStyle>
    </Style>
    <StyleMap id="poly-FBC02D-2000-92">
      <Pair>
        <key>normal</key>
        <styleUrl>#poly-FBC02D-2000-92-normal</styleUrl>
      </Pair>
      <Pair>
        <key>highlight</key>
        <styleUrl>#poly-FBC02D-2000-92-highlight</styleUrl>
      </Pair>
    </StyleMap>
    <Placemark>
      <name>Thạnh An</name>
      <description><![CDATA[description: Mã phường/xã: 27676<br>             Tên phường/xã: Thạnh An<br>             Loại: Xã<br>             Cấp: 2<br>             STT: 168<br>             Mã tỉnh/thành: 79<br>             Tên tỉnh/thành: TP. Hồ Chí Minh<br>ma_xa: 27676<br>ten_xa: Thạnh An<br>sap_nhap: Thạnh An<br>tru_so: Trụ sở UBND xã Thạnh An cũ, tọa lạc ấp Thạnh Bình, huyện Cần Giờ cũ<br>loai: Xã<br>cap: 2<br>stt: 168<br>dtich_km2: 131.31<br>dan_so: 5180<br>matdo_km2: 39.45<br>ma_tinh: 79<br>ten_tinh: TP. Hồ Chí Minh<br>desc: Mã phường/xã: 27676<br><br>            Tên phường/xã: Thạnh An<br><br>            Loại: Xã<br><br>            Cấp: 2<br><br>            STT: 168<br><br>            Mã tỉnh/thành: 79<br><br>            Tên tỉnh/thành: TP. Hồ Chí Minh<br>_styleId: style-79<br>GIÁO XỨ/ DÒNG: ]]></description>
      <styleUrl>#poly-9FA8DA-2000-196</styleUrl>
      <ExtendedData>
        <Data name="description">
          <value>Mã phường/xã: 27676
             Tên phường/xã: Thạnh An
             Loại: Xã
             Cấp: 2
             STT: 168
             Mã tỉnh/thành: 79
             Tên tỉnh/thành: TP. Hồ Chí Minh</value>
        </Data>
        <Data name="ma_xa">
          <value>27676</value>
        </Data>
        <Data name="ten_xa">
          <value>Thạnh An</value>
        </Data>
        <Data name="sap_nhap">
          <value>Thạnh An</value>
        </Data>
        <Data name="tru_so">
          <value>Trụ sở UBND xã Thạnh An cũ, tọa lạc ấp Thạnh Bình, huyện Cần Giờ cũ</value>
        </Data>
        <Data name="loai">
          <value>Xã</value>
        </Data>
        <Data name="cap">
          <value>2</value>
        </Data>
        <Data name="stt">
          <value>168</value>
        </Data>
        <Data name="dtich_km2">
          <value>131.31</value>
        </Data>
        <Data name="dan_so">
          <value>5180</value>
        </Data>
        <Data name="matdo_km2">
          <value>39.45</value>
        </Data>
        <Data name="ma_tinh">
          <value>79</value>
        </Data>
        <Data name="ten_tinh">
          <value>TP. Hồ Chí Minh</value>
        </Data>
        <Data name="desc">
          <value><![CDATA[Mã phường/xã: 27676<br>
            Tên phường/xã: Thạnh An<br>
            Loại: Xã<br>
            Cấp: 2<br>
            STT: 168<br>
            Mã tỉnh/thành: 79<br>
            Tên tỉnh/thành: TP. Hồ Chí Minh]]></value>
        </Data>
        <Data name="_styleId">
          <value>style-79</value>
        </Data>
        <Data name="GIÁO XỨ/ DÒNG">
          <value/>
        </Data>
      </ExtendedData>
      <MultiGeometry>
        <Polygon>
          <outerBoundaryIs>
            <LinearRing>
              <tessellate>1</tessellate>
              <coordinates>
                106.970172,10.454187,0
                106.970244,10.454186,0
                106.970312,10.454164,0
                106.970371,10.454119,0
                106.970383,10.45409,0
                106.970441,10.453942,0
                106.970466,10.453895,0
                106.970535,10.453848,0
                106.970548,10.45384,0
                106.970632,10.453809,0
                106.970788,10.453832,0
                106.970904,10.453993,0
                106.971192,10.454685,0
                106.971376,10.45515,0
                106.971359,10.455222,0
                106.97128,10.455245,0
                106.971177,10.455124,0
                106.97117,10.455118,0
                106.971031,10.455004,0
                106.970831,10.454839,0
                106.970594,10.454575,0
                106.970394,10.454487,0
                106.970231,10.454473,0
                106.96997,10.454489,0
                106.969941,10.454485,0
                106.969754,10.454459,0
                106.969737,10.454432,0
                106.969722,10.454395,0
                106.969728,10.454353,0
                106.969748,10.45431,0
                106.969805,10.454242,0
                106.970048,10.454179,0
                106.970172,10.454187,0
              </coordinates>
            </LinearRing>
          </outerBoundaryIs>
        </Polygon>
        <Polygon>
          <outerBoundaryIs>
            <LinearRing>
              <tessellate>1</tessellate>
              <coordinates>
                106.975428,10.46764,0
                106.975607,10.468216,0
                106.975652,10.468362,0
                106.975671,10.468423,0
                106.975678,10.468446,0
                106.975699,10.468484,0
                106.976088,10.469213,0
                106.976258,10.4695,0
                106.976693,10.47,0
                106.976791,10.470124,0
                106.976977,10.470359,0
                106.977079,10.470488,0
                106.977238,10.470731,0
                106.977577,10.471248,0
                106.977751,10.471631,0
                106.977802,10.471744,0
                106.97786,10.471921,0
                106.977972,10.472262,0
                106.978005,10.47236,0
                106.978022,10.472836,0
                106.978023,10.473026,0
                106.978023,10.473155,0
                106.978024,10.473194,0
                106.978025,10.473491,0
                106.978025,10.473552,0
                106.977946,10.473664,0
                106.977912,10.473702,0
                106.977845,10.473797,0
                106.977767,10.473944,0
                106.977746,10.473964,0
                106.977719,10.473989,0
                106.977692,10.473983,0
                106.977677,10.473972,0
                106.97764,10.473945,0
                106.977482,10.473763,0
                106.977267,10.473551,0
                106.977182,10.473468,0
                106.976731,10.473263,0
                106.976702,10.473251,0
                106.976545,10.473141,0
                106.976443,10.473036,0
                106.976414,10.473005,0
                106.975866,10.472356,0
                106.975392,10.471835,0
                106.975215,10.471658,0
                106.975009,10.47145,0
                106.974929,10.471422,0
                106.97478,10.47138,0
                106.974707,10.47129,0
                106.974576,10.471049,0
                106.974517,10.470939,0
                106.974496,10.47087,0
                106.974497,10.470848,0
                106.974494,10.470799,0
                106.974477,10.470752,0
                106.974436,10.470716,0
                106.974357,10.470697,0
                106.97429,10.470679,0
                106.974232,10.470674,0
                106.974208,10.470686,0
                106.974164,10.470727,0
                106.974057,10.471124,0
                106.973995,10.471309,0
                106.973955,10.471389,0
                106.973896,10.47144,0
                106.973845,10.471442,0
                106.973736,10.471409,0
                106.973629,10.471353,0
                106.973535,10.471277,0
                106.973356,10.471049,0
                106.973331,10.471008,0
                106.973328,10.470918,0
                106.97335,10.470811,0
                106.9734,10.470733,0
                106.973585,10.470595,0
                106.973822,10.47047,0
                106.973977,10.47032,0
                106.974123,10.470243,0
                106.974249,10.470146,0
                106.974342,10.470017,0
                106.974384,10.46969,0
                106.974375,10.469489,0
                106.974348,10.469231,0
                106.974256,10.46896,0
                106.974166,10.468856,0
                106.974127,10.468708,0
                106.974105,10.468622,0
                106.974024,10.468286,0
                106.973964,10.468123,0
                106.973948,10.468078,0
                106.97386,10.468072,0
                106.973798,10.468137,0
                106.973874,10.468446,0
                106.973892,10.468496,0
                106.974016,10.468849,0
                106.974203,10.469147,0
                106.974234,10.469295,0
                106.974225,10.46959,0
                106.974165,10.46974,0
                106.974058,10.470015,0
                106.97396,10.470199,0
                106.973803,10.470352,0
                106.973232,10.470747,0
                106.973117,10.47079,0
                106.972992,10.47076,0
                106.972945,10.470735,0
                106.972793,10.470656,0
                106.972477,10.4703,0
                106.972157,10.469835,0
                106.971945,10.469471,0
                106.971849,10.469141,0
                106.971814,10.468796,0
                106.971811,10.468509,0
                106.971811,10.468472,0
                106.971893,10.4682,0
                106.972104,10.467702,0
                106.972353,10.467369,0
                106.97255,10.467075,0
                106.972666,10.467062,0
                106.972967,10.467156,0
                106.973519,10.467249,0
                106.973685,10.467332,0
                106.973739,10.467331,0
                106.973751,10.467289,0
                106.973726,10.467236,0
                106.973627,10.467175,0
                106.973587,10.467169,0
                106.973179,10.467106,0
                106.972874,10.466981,0
                106.972832,10.466954,0
                106.972767,10.466912,0
                106.972713,10.466778,0
                106.972668,10.46652,0
                106.972676,10.466355,0
                106.972783,10.466032,0
                106.972923,10.465758,0
                106.973069,10.465471,0
                106.97333,10.465018,0
                106.973375,10.464773,0
                106.973396,10.464656,0
                106.973535,10.464329,0
                106.973569,10.464248,0
                106.973663,10.463874,0
                106.973713,10.463614,0
                106.973693,10.463404,0
                106.973669,10.462944,0
                106.973638,10.462823,0
                106.973573,10.462568,0
                106.973518,10.462353,0
                106.973611,10.461805,0
                106.973754,10.461589,0
                106.973796,10.461529,0
                106.973824,10.46148,0
                106.97345,10.460943,0
                106.973412,10.460888,0
                106.97326,10.460672,0
                106.973259,10.46062,0
                106.973373,10.460472,0
                106.973711,10.460034,0
                106.973789,10.459937,0
                106.974585,10.460265,0
                106.974967,10.460422,0
                106.975144,10.460492,0
                106.97543,10.460603,0
                106.976136,10.46088,0
                106.976251,10.460926,0
                106.976342,10.460961,0
                106.976407,10.461045,0
                106.976422,10.461139,0
                106.976411,10.461495,0
                106.976406,10.461664,0
                106.976307,10.461972,0
                106.976136,10.462384,0
                106.976078,10.462808,0
                106.976068,10.46288,0
                106.976194,10.463107,0
                106.976287,10.463274,0
                106.976296,10.463416,0
                106.976129,10.463826,0
                106.976038,10.464026,0
                106.97596,10.464234,0
                106.97593,10.464314,0
                106.975891,10.464418,0
                106.975851,10.464584,0
                106.975819,10.464722,0
                106.97581,10.464761,0
                106.975803,10.464795,0
                106.97577,10.464953,0
                106.975752,10.46504,0
                106.975713,10.465228,0
                106.975708,10.465479,0
                106.975702,10.465712,0
                106.975702,10.465741,0
                106.975699,10.46587,0
                106.975657,10.466221,0
                106.975654,10.466247,0
                106.975637,10.466393,0
                106.97563,10.466448,0
                106.975549,10.46655,0
                106.975505,10.466636,0
                106.975337,10.466963,0
                106.975335,10.466969,0
                106.975274,10.467131,0
                106.975302,10.467266,0
                106.975428,10.46764,0
              </coordinates>
            </LinearRing>
          </outerBoundaryIs>
        </Polygon>
        <Polygon>
          <outerBoundaryIs>
            <LinearRing>
              <tessellate>1</tessellate>
              <coordinates>
                106.986681,10.481546,0
                106.986673,10.481556,0
                106.98655,10.481849,0
                106.986411,10.482113,0
                106.986365,10.482448,0
                106.986293,10.482558,0
                106.986168,10.482669,0
                106.986169,10.48275,0
                106.986193,10.482784,0
                106.986285,10.482764,0
                106.986459,10.482763,0
                106.986551,10.482762,0
                106.986623,10.48281,0
                106.986629,10.482905,0
                106.986577,10.483044,0
                106.986342,10.483338,0
                106.986135,10.483473,0
                106.986072,10.48354,0
                106.986063,10.483612,0
                106.986064,10.483751,0
                106.98606,10.483861,0
                106.985945,10.484034,0
                106.985844,10.484168,0
                106.985801,10.484279,0
                106.985797,10.484374,0
                106.985789,10.484532,0
                106.985736,10.484681,0
                106.985529,10.484958,0
                106.985415,10.485108,0
                106.985361,10.485154,0
                106.98516,10.485321,0
                106.985069,10.485374,0
                106.984948,10.485394,0
                106.984866,10.485394,0
                106.98473,10.485271,0
                106.984657,10.485128,0
                106.984597,10.484812,0
                106.984612,10.484622,0
                106.984651,10.484224,0
                106.98462,10.483865,0
                106.984517,10.48366,0
                106.984424,10.483598,0
                106.984241,10.483561,0
                106.984163,10.483504,0
                106.984153,10.483442,0
                106.984192,10.483329,0
                106.984121,10.482993,0
                106.983858,10.482674,0
                106.983637,10.48213,0
                106.983493,10.481586,0
                106.983282,10.480951,0
                106.983178,10.480574,0
                106.983157,10.480378,0
                106.983175,10.480191,0
                106.983213,10.480105,0
                106.983291,10.480085,0
                106.983479,10.480084,0
                106.983634,10.480054,0
                106.983841,10.479938,0
                106.984028,10.479841,0
                106.98427,10.47984,0
                106.9844,10.479847,0
                106.984633,10.479861,0
                106.984807,10.479879,0
                106.984933,10.479926,0
                106.985079,10.480045,0
                106.985264,10.480317,0
                106.985332,10.480374,0
                106.98554,10.480415,0
                106.985748,10.480381,0
                106.985907,10.480317,0
                106.986022,10.480264,0
                106.986414,10.480271,0
                106.986762,10.480336,0
                106.986893,10.480388,0
                106.986903,10.480498,0
                106.986876,10.480713,0
                106.986848,10.480842,0
                106.986829,10.480962,0
                106.98683,10.480983,0
                106.986835,10.481067,0
                106.986903,10.481124,0
                106.987081,10.481123,0
                106.987149,10.481123,0
                106.987149,10.481166,0
                106.987058,10.481195,0
                106.986918,10.481263,0
                106.986793,10.481398,0
                106.986681,10.481546,0
              </coordinates>
            </LinearRing>
          </outerBoundaryIs>
        </Polygon>
        <Polygon>
          <outerBoundaryIs>
            <LinearRing>
              <tessellate>1</tessellate>
              <coordinates>
                106.975578,10.490181,0
                106.975495,10.49034,0
                106.975488,10.490353,0
                106.975476,10.490376,0
                106.975471,10.490386,0
                106.975398,10.490474,0
                106.975335,10.49051,0
                106.9753,10.490511,0
                106.975261,10.490502,0
                106.975191,10.490313,0
                106.975094,10.489822,0
                106.975067,10.489632,0
                106.975078,10.489434,0
                106.975084,10.489319,0
                106.97509,10.48923,0
                106.975104,10.48919,0
                106.975137,10.489165,0
                106.975202,10.489161,0
                106.975326,10.489189,0
                106.975406,10.48926,0
                106.97549,10.489457,0
                106.975601,10.489754,0
                106.97561,10.489994,0
                106.975608,10.490007,0
                106.975578,10.490181,0
              </coordinates>
            </LinearRing>
          </outerBoundaryIs>
        </Polygon>
        <Polygon>
          <outerBoundaryIs>
            <LinearRing>
              <tessellate>1</tessellate>
              <coordinates>
                107.019211,10.603945,0
                107.018985,10.604274,0
                107.018898,10.604406,0
                107.018744,10.604631,0
                107.018716,10.604676,0
                107.018685,10.604746,0
                107.01865,10.604843,0
                107.018613,10.60495,0
                107.01858,10.605042,0
                107.018553,10.605107,0
                107.018527,10.605163,0
                107.018513,10.605189,0
                107.01833,10.60547,0
                107.017908,10.606026,0
                107.017426,10.606517,0
                107.016377,10.607313,0
                107.015767,10.607776,0
                107.013497,10.609372,0
                107.012461,10.610095,0
                107.012236,10.610252,0
                107.011411,10.610828,0
                107.009934,10.611806,0
                107.009039,10.612398,0
                107.008843,10.612515,0
                107.008692,10.612628,0
                107.00855,10.612722,0
                107.008456,10.612784,0
                107.007638,10.613289,0
                107.007168,10.611422,0
                107.007003,10.61083,0
                107.00696,10.610675,0
                107.006889,10.61042,0
                107.006833,10.610221,0
                107.006822,10.61018,0
                107.006651,10.609954,0
                107.006505,10.609811,0
                107.006493,10.6098,0
                107.006443,10.609783,0
                107.006289,10.609734,0
                107.006242,10.609719,0
                107.006207,10.609716,0
                107.0061,10.609708,0
                107.005979,10.609714,0
                107.005963,10.609714,0
                107.005931,10.60972,0
                107.005877,10.609728,0
                107.005851,10.609733,0
                107.005817,10.609742,0
                107.005785,10.60975,0
                107.005748,10.609761,0
                107.005681,10.609781,0
                107.005603,10.609807,0
                107.005017,10.610079,0
                107.004639,10.610251,0
                107.00456,10.610288,0
                107.004271,10.610457,0
                107.004044,10.610578,0
                107.003813,10.610699,0
                107.003596,10.610806,0
                107.003437,10.610859,0
                107.003277,10.610889,0
                107.003118,10.610899,0
                107.002953,10.610896,0
                107.002779,10.610863,0
                107.002493,10.61077,0
                107.002392,10.610734,0
                107.002248,10.610656,0
                107.002207,10.610613,0
                107.002169,10.610555,0
                107.002141,10.610513,0
                107.002106,10.610427,0
                107.002106,10.610351,0
                107.002115,10.610279,0
                107.002301,10.609818,0
                107.002496,10.60932,0
                107.00258,10.608961,0
                107.002525,10.60865,0
                107.00242,10.60856,0
                107.002096,10.608282,0
                107.002031,10.608238,0
                107.002008,10.608222,0
                107.001924,10.60817,0
                107.001779,10.608067,0
                107.001527,10.607961,0
                107.001413,10.607905,0
                107.001349,10.607865,0
                107.0013,10.607828,0
                107.001254,10.60779,0
                107.00121,10.607748,0
                107.001166,10.607701,0
                107.001123,10.607651,0
                107.001081,10.607597,0
                107.00104,10.607541,0
                107.001005,10.607486,0
                107.000973,10.607435,0
                107.000945,10.607385,0
                107.000917,10.607337,0
                107.00089,10.607294,0
                107.000862,10.607253,0
                107.000831,10.607214,0
                107.000796,10.607174,0
                107.000758,10.607135,0
                107.000716,10.607102,0
                107.00067,10.607077,0
                107.000621,10.607056,0
                107.000571,10.60704,0
                107.000518,10.607025,0
                107.000463,10.607013,0
                107.000405,10.607004,0
                107.000345,10.606997,0
                107.000281,10.606994,0
                107.000213,10.606995,0
                107.000155,10.606999,0
                107.000144,10.607,0
                107.000076,10.607007,0
                107.000016,10.607018,0
                106.999965,10.607031,0
                106.999921,10.607047,0
                106.99988,10.607066,0
                106.99984,10.607087,0
                106.9998,10.607111,0
                106.99976,10.60714,0
                106.999739,10.607156,0
                106.999718,10.607173,0
                106.999675,10.607209,0
                106.999631,10.607248,0
                106.999585,10.607288,0
                106.999537,10.60733,0
                106.999485,10.607372,0
                106.99943,10.607413,0
                106.999374,10.607453,0
                106.999318,10.607491,0
                106.999264,10.607524,0
                106.999209,10.607554,0
                106.999156,10.60758,0
                106.999154,10.607581,0
                106.999144,10.607585,0
                106.999097,10.607606,0
                106.999036,10.607628,0
                106.998972,10.607648,0
                106.998905,10.607664,0
                106.998835,10.607678,0
                106.998764,10.607691,0
                106.998691,10.607702,0
                106.998618,10.607711,0
                106.998546,10.607718,0
                106.998475,10.607722,0
                106.998406,10.607721,0
                106.998338,10.607718,0
                106.998296,10.607714,0
                106.998269,10.607712,0
                106.998201,10.607704,0
                106.998185,10.607701,0
                106.998135,10.607693,0
                106.998071,10.607681,0
                106.998015,10.607669,0
                106.99797,10.607659,0
                106.997938,10.607651,0
                106.997904,10.607642,0
                106.997858,10.607629,0
                106.997799,10.60761,0
                106.997735,10.607588,0
                106.997672,10.607563,0
                106.99765,10.607552,0
                106.997616,10.607535,0
                106.997568,10.607507,0
                106.997526,10.607481,0
                106.997489,10.607455,0
                106.997459,10.607431,0
                106.997434,10.607409,0
                106.99741,10.607385,0
                106.997382,10.607357,0
                106.997352,10.607325,0
                106.997323,10.607289,0
                106.997317,10.607281,0
                106.997296,10.607252,0
                106.997273,10.607214,0
                106.997251,10.607173,0
                106.997229,10.60713,0
                106.997207,10.607081,0
                106.997183,10.607025,0
                106.997157,10.606959,0
                106.997126,10.606874,0
                106.99712,10.606855,0
                106.997089,10.606764,0
                106.997046,10.606637,0
                106.997003,10.606507,0
                106.996962,10.606386,0
                106.996927,10.606281,0
                106.996896,10.60619,0
                106.996869,10.606109,0
                106.996846,10.606041,0
                106.996828,10.605988,0
                106.996813,10.605946,0
                106.996799,10.605912,0
                106.996787,10.605882,0
                106.996776,10.605854,0
                106.996766,10.60583,0
                106.996756,10.605809,0
                106.996745,10.605787,0
                106.996733,10.605766,0
                106.996723,10.605749,0
                106.996718,10.605738,0
                106.996714,10.605732,0
                106.996712,10.605728,0
                106.996709,10.605725,0
                106.996706,10.60572,0
                106.996701,10.605712,0
                106.996692,10.605698,0
                106.996682,10.605682,0
                106.996672,10.605668,0
                106.996667,10.60566,0
                106.996662,10.605655,0
                106.996658,10.605651,0
                106.996652,10.605645,0
                106.996643,10.605636,0
                106.996631,10.605624,0
                106.996619,10.605612,0
                106.996611,10.605605,0
                106.996608,10.605602,0
                106.996597,10.605591,0
                106.996584,10.605579,0
                106.996572,10.605567,0
                106.996562,10.605557,0
                106.996554,10.605549,0
                106.996546,10.605543,0
                106.996538,10.605536,0
                106.996531,10.605531,0
                106.996526,10.605526,0
                106.996522,10.605523,0
                106.996517,10.605519,0
                106.996511,10.605514,0
                106.996507,10.605511,0
                106.996504,10.605508,0
                106.996497,10.605503,0
                106.996492,10.605499,0
                106.996485,10.605495,0
                106.996475,10.605488,0
                106.996463,10.605481,0
                106.996453,10.605475,0
                106.996446,10.605471,0
                106.996442,10.605468,0
                106.996438,10.605466,0
                106.996433,10.605464,0
                106.996425,10.60546,0
                106.996414,10.605453,0
                106.9964,10.605445,0
                106.996388,10.605438,0
                106.996376,10.605432,0
                106.996361,10.605425,0
                106.996341,10.605416,0
                106.996318,10.605406,0
                106.996294,10.605395,0
                106.996272,10.605386,0
                106.996254,10.605378,0
                106.996239,10.605373,0
                106.996225,10.605368,0
                106.996213,10.605363,0
                106.996201,10.605359,0
                106.99619,10.605355,0
                106.996179,10.605352,0
                106.996166,10.605348,0
                106.996153,10.605345,0
                106.996142,10.605342,0
                106.996134,10.605339,0
                106.996129,10.605337,0
                106.996124,10.605335,0
                106.996117,10.605333,0
                106.996107,10.605331,0
                106.996095,10.605328,0
                106.996085,10.605326,0
                106.996078,10.605324,0
                106.996073,10.605323,0
                106.996068,10.605322,0
                106.996059,10.60532,0
                106.996044,10.605318,0
                106.996026,10.605316,0
                106.99601,10.605313,0
                106.995998,10.605312,0
                106.995988,10.60531,0
                106.995974,10.605308,0
                106.995954,10.605305,0
                106.995929,10.605302,0
                106.995899,10.605298,0
                106.995865,10.605293,0
                106.995853,10.605292,0
                106.995823,10.605288,0
                106.995812,10.605286,0
                106.995775,10.605281,0
                106.995727,10.605274,0
                106.99568,10.605268,0
                106.995638,10.605263,0
                106.995607,10.605258,0
                106.995587,10.605256,0
                106.995573,10.605254,0
                106.995562,10.605252,0
                106.995549,10.605251,0
                106.995533,10.605249,0
                106.995509,10.605248,0
                106.995483,10.605247,0
                106.995461,10.605246,0
                106.995447,10.605245,0
                106.995439,10.605245,0
                106.995433,10.605244,0
                106.995428,10.605244,0
                106.995424,10.605244,0
                106.995419,10.605244,0
                106.995412,10.605244,0
                106.9954,10.605244,0
                106.995379,10.605244,0
                106.995354,10.605245,0
                106.99533,10.605246,0
                106.995311,10.605247,0
                106.995292,10.60525,0
                106.995271,10.605253,0
                106.995248,10.605256,0
                106.995247,10.605256,0
                106.995222,10.60526,0
                106.995193,10.605264,0
                106.995157,10.605269,0
                106.995113,10.605275,0
                106.995045,10.605285,0
                106.994933,10.605302,0
                106.994766,10.605326,0
                106.994561,10.605356,0
                106.994356,10.605386,0
                106.994184,10.60541,0
                106.99406,10.605427,0
                106.994002,10.605436,0
                106.994001,10.605436,0
                106.993978,10.605439,0
                106.993922,10.605447,0
                106.99388,10.605453,0
                106.993842,10.605459,0
                106.993807,10.605464,0
                106.99378,10.605468,0
                106.993759,10.605471,0
                106.993737,10.605475,0
                106.993701,10.60548,0
                106.993644,10.60549,0
                106.993572,10.605501,0
                106.993497,10.605514,0
                106.993424,10.605525,0
                106.993358,10.605536,0
                106.993305,10.605545,0
                106.993271,10.60555,0
                106.993249,10.605554,0
                106.993232,10.605556,0
                106.993219,10.605559,0
                106.993207,10.605561,0
                106.993198,10.605562,0
                106.99319,10.605564,0
                106.993181,10.605565,0
                106.993167,10.605567,0
                106.993156,10.605568,0
                106.993145,10.605569,0
                106.993118,10.605572,0
                106.993096,10.605574,0
                106.993084,10.605575,0
                106.993077,10.605575,0
                106.993071,10.605576,0
                106.993066,10.605576,0
                106.993059,10.605576,0
                106.99305,10.605577,0
                106.99304,10.605577,0
                106.993025,10.605577,0
                106.993003,10.605578,0
                106.992971,10.60558,0
                106.992927,10.605583,0
                106.992872,10.605585,0
                106.992804,10.605588,0
                106.992732,10.60559,0
                106.992671,10.605591,0
                106.992629,10.605593,0
                106.992599,10.605593,0
                106.992565,10.605594,0
                106.992512,10.605595,0
                106.992443,10.605595,0
                106.992373,10.605594,0
                106.992312,10.605593,0
                106.992258,10.605591,0
                106.992204,10.605589,0
                106.992145,10.605586,0
                106.992139,10.605585,0
                106.99208,10.605581,0
                106.992053,10.605579,0
                106.992012,10.605576,0
                106.991948,10.605571,0
                106.991893,10.605566,0
                106.991846,10.605561,0
                106.991804,10.605557,0
                106.991762,10.605553,0
                106.99172,10.605548,0
                106.991679,10.605541,0
                106.991637,10.605532,0
                106.991593,10.605522,0
                106.991551,10.605512,0
                106.991515,10.605503,0
                106.991485,10.605494,0
                106.99146,10.605486,0
                106.991437,10.605478,0
                106.991413,10.60547,0
                106.991389,10.605461,0
                106.991361,10.60545,0
                106.991331,10.605437,0
                106.991297,10.605421,0
                106.991262,10.605405,0
                106.991226,10.605388,0
                106.991196,10.605374,0
                106.99119,10.605371,0
                106.991155,10.605355,0
                106.991121,10.605338,0
                106.991088,10.605322,0
                106.991056,10.605306,0
                106.991029,10.605293,0
                106.991008,10.605284,0
                106.990992,10.605276,0
                106.990976,10.605268,0
                106.990958,10.605256,0
                106.990937,10.605242,0
                106.990901,10.605221,0
                106.990808,10.605173,0
                106.990673,10.605106,0
                106.990606,10.605061,0
                106.990567,10.605022,0
                106.990545,10.604997,0
                106.990527,10.604971,0
                106.990514,10.604942,0
                106.990492,10.604895,0
                106.990473,10.604852,0
                106.990454,10.604793,0
                106.990445,10.604758,0
                106.990436,10.60471,0
                106.990432,10.604684,0
                106.990431,10.604671,0
                106.990429,10.604662,0
                106.990427,10.604651,0
                106.990423,10.604635,0
                106.99042,10.604625,0
                106.990418,10.604614,0
                106.990412,10.60459,0
                106.990408,10.604566,0
                106.990404,10.604546,0
                106.990401,10.604524,0
                106.990396,10.604495,0
                106.99039,10.604459,0
                106.990384,10.60442,0
                106.990379,10.604376,0
                106.990374,10.604327,0
                106.990368,10.604271,0
                106.990362,10.604213,0
                106.990357,10.604154,0
                106.990354,10.604098,0
                106.990351,10.604045,0
                106.990348,10.603993,0
                106.990346,10.603935,0
                106.990344,10.603871,0
                106.990343,10.603806,0
                106.990342,10.603745,0
                106.990342,10.603702,0
                106.990342,10.603693,0
                106.990342,10.603653,0
                106.990342,10.603622,0
                106.990342,10.603596,0
                106.990343,10.603575,0
                106.990343,10.603556,0
                106.990343,10.603537,0
                106.990344,10.60352,0
                106.990345,10.603505,0
                106.990345,10.603495,0
                106.990345,10.603488,0
                106.990345,10.603483,0
                106.990346,10.603477,0
                106.990346,10.603472,0
                106.990347,10.603466,0
                106.990348,10.603459,0
                106.99035,10.60345,0
                106.990353,10.603437,0
                106.990356,10.60342,0
                106.990362,10.603391,0
                106.99037,10.603349,0
                106.990381,10.603295,0
                106.990393,10.603236,0
                106.990406,10.60317,0
                106.990421,10.603094,0
                106.990438,10.603015,0
                106.990454,10.60294,0
                106.990469,10.602869,0
                106.990486,10.602796,0
                106.990504,10.602714,0
                106.990524,10.602621,0
                106.990546,10.602522,0
                106.99057,10.602417,0
                106.990592,10.602314,0
                106.990612,10.602226,0
                106.990626,10.602162,0
                106.990636,10.602116,0
                106.990644,10.602081,0
                106.990651,10.602049,0
                106.990658,10.602018,0
                106.990664,10.60199,0
                106.990669,10.601967,0
                106.990673,10.601948,0
                106.990677,10.601932,0
                106.99068,10.601917,0
                106.990683,10.601902,0
                106.990686,10.60189,0
                106.990688,10.60188,0
                106.99069,10.60187,0
                106.990691,10.601861,0
                106.990693,10.601853,0
                106.990694,10.601846,0
                106.990694,10.60184,0
                106.990695,10.601833,0
                106.990695,10.601825,0
                106.990696,10.601812,0
                106.990696,10.60179,0
                106.990698,10.601752,0
                106.9907,10.601697,0
                106.990701,10.601641,0
                106.990703,10.601597,0
                106.990704,10.601565,0
                106.990704,10.601534,0
                106.990704,10.601492,0
                106.990703,10.601436,0
                106.990702,10.601375,0
                106.990701,10.60132,0
                106.9907,10.601273,0
                106.990699,10.601224,0
                106.990698,10.601171,0
                106.990696,10.60112,0
                106.990693,10.601076,0
                106.990691,10.601044,0
                106.99069,10.60102,0
                106.990689,10.600997,0
                106.990687,10.600971,0
                106.990684,10.600943,0
                106.990682,10.60092,0
                106.990681,10.600905,0
                106.990681,10.600897,0
                106.990681,10.60089,0
                106.99068,10.600883,0
                106.990679,10.600873,0
                106.990677,10.600863,0
                106.990675,10.600853,0
                106.990674,10.600846,0
                106.990674,10.600841,0
                106.990673,10.600833,0
                106.990671,10.600823,0
                106.990669,10.600812,0
                106.990668,10.600801,0
                106.990667,10.600792,0
                106.990666,10.600782,0
                106.990664,10.60077,0
                106.990661,10.600755,0
                106.990658,10.600732,0
                106.990652,10.6007,0
                106.990644,10.600655,0
                106.990634,10.600606,0
                106.990627,10.600564,0
                106.990623,10.60054,0
                106.990623,10.600535,0
                106.990619,10.600514,0
                106.990612,10.600491,0
                106.990605,10.600465,0
                106.990599,10.600445,0
                106.990595,10.600432,0
                106.990594,10.600425,0
                106.990593,10.600421,0
                106.990592,10.600415,0
                106.990589,10.600407,0
                106.990583,10.600394,0
                106.990576,10.600378,0
                106.99057,10.600365,0
                106.990566,10.600357,0
                106.990564,10.600353,0
                106.990563,10.60035,0
                106.990562,10.600347,0
                106.99056,10.600345,0
                106.990558,10.600342,0
                106.990556,10.600338,0
                106.990552,10.60033,0
                106.990546,10.600318,0
                106.990538,10.600302,0
                106.990531,10.600288,0
                106.990525,10.600278,0
                106.99052,10.60027,0
                106.990516,10.600263,0
                106.990512,10.600258,0
                106.99051,10.600254,0
                106.990508,10.600251,0
                106.990505,10.600247,0
                106.990501,10.600239,0
                106.990493,10.600226,0
                106.990483,10.600209,0
                106.990475,10.600195,0
                106.99047,10.600188,0
                106.990467,10.600183,0
                106.990465,10.60018,0
                106.990461,10.600177,0
                106.990457,10.600172,0
                106.99045,10.600163,0
                106.990439,10.600147,0
                106.990426,10.600128,0
                106.990413,10.60011,0
                106.990408,10.600105,0
                106.9904,10.600096,0
                106.99039,10.600084,0
                106.990379,10.600071,0
                106.990366,10.600054,0
                106.990347,10.600032,0
                106.990324,10.600005,0
                106.990317,10.599997,0
                106.990298,10.599976,0
                106.990268,10.599944,0
                106.990232,10.599905,0
                106.990187,10.59986,0
                106.990138,10.599812,0
                106.990094,10.599769,0
                106.990058,10.599731,0
                106.990044,10.599718,0
                106.990018,10.599692,0
                106.989969,10.599645,0
                106.989953,10.599631,0
                106.98991,10.599592,0
                106.989851,10.599541,0
                106.989798,10.599496,0
                106.9896,10.599334,0
                106.989506,10.599261,0
                106.989438,10.599209,0
                106.989318,10.599118,0
                106.989252,10.599081,0
                106.989041,10.598959,0
                106.988959,10.598911,0
                106.988408,10.598594,0
                106.988196,10.598464,0
                106.987876,10.59825,0
                106.987773,10.598182,0
                106.987641,10.598058,0
                106.987576,10.597979,0
                106.987444,10.597796,0
                106.987284,10.597581,0
                106.987164,10.59743,0
                106.987053,10.59729,0
                106.98675,10.596907,0
                106.986521,10.596663,0
                106.986369,10.5965,0
                106.985889,10.596117,0
                106.986106,10.595413,0
                106.986181,10.595166,0
                106.986505,10.594091,0
                106.986571,10.593872,0
                106.98691,10.592218,0
                106.987204,10.590275,0
                106.987229,10.589667,0
                106.987231,10.589601,0
                106.987231,10.589597,0
                106.987231,10.589594,0
                106.987143,10.588852,0
                106.987127,10.588722,0
                106.986949,10.587402,0
                106.986776,10.586642,0
                106.986543,10.585854,0
                106.986334,10.58515,0
                106.985933,10.584174,0
                106.985858,10.583991,0
                106.985843,10.583958,0
                106.985244,10.582529,0
                106.984687,10.581294,0
                106.984278,10.580386,0
                106.983702,10.579113,0
                106.983375,10.579342,0
                106.982105,10.580234,0
                106.982028,10.580288,0
                106.980301,10.581501,0
                106.980113,10.581633,0
                106.979637,10.581932,0
                106.979232,10.582166,0
                106.97894,10.582307,0
                106.978664,10.582396,0
                106.978243,10.582511,0
                106.978005,10.582554,0
                106.977908,10.582572,0
                106.977714,10.582651,0
                106.976844,10.582264,0
                106.976544,10.582179,0
                106.975961,10.582144,0
                106.975759,10.582151,0
                106.975589,10.582156,0
                106.975151,10.58222,0
                106.974854,10.582282,0
                106.974607,10.582363,0
                106.974581,10.582371,0
                106.974433,10.582461,0
                106.974232,10.58262,0
                106.974077,10.582756,0
                106.974001,10.582846,0
                106.973935,10.582924,0
                106.973659,10.583278,0
                106.973284,10.583754,0
                106.972822,10.584407,0
                106.972736,10.584527,0
                106.972653,10.584648,0
                106.972559,10.584784,0
                106.972548,10.584798,0
                106.972418,10.584973,0
                106.972269,10.58517,0
                106.972262,10.585178,0
                106.972174,10.585294,0
                106.972116,10.58537,0
                106.972048,10.585458,0
                106.971941,10.585598,0
                106.971808,10.585771,0
                106.971709,10.585901,0
                106.971653,10.585974,0
                106.971609,10.58603,0
                106.971513,10.586147,0
                106.971306,10.586397,0
                106.971036,10.586723,0
                106.970818,10.586984,0
                106.970684,10.587141,0
                106.970537,10.587314,0
                106.970323,10.587566,0
                106.970121,10.587797,0
                106.969976,10.587959,0
                106.969873,10.588074,0
                106.969758,10.588199,0
                106.969596,10.588368,0
                106.969419,10.588553,0
                106.96924,10.58874,0
                106.96906,10.588918,0
                106.968911,10.589055,0
                106.96879,10.589159,0
                106.968677,10.589254,0
                106.968565,10.589349,0
                106.968482,10.589419,0
                106.968463,10.589435,0
                106.968375,10.589511,0
                106.968292,10.589582,0
                106.968221,10.589643,0
                106.968174,10.589682,0
                106.968138,10.589712,0
                106.968091,10.58975,0
                106.968038,10.589792,0
                106.967981,10.589836,0
                106.967921,10.589881,0
                106.967856,10.589927,0
                106.96779,10.589973,0
                106.967727,10.590016,0
                106.967678,10.590049,0
                106.967646,10.590069,0
                106.967625,10.590082,0
                106.967606,10.590093,0
                106.967573,10.59011,0
                106.967526,10.590136,0
                106.967488,10.590156,0
                106.967458,10.590172,0
                106.967418,10.590193,0
                106.96736,10.590223,0
                106.967283,10.590261,0
                106.967202,10.590298,0
                106.967124,10.590333,0
                106.967051,10.590365,0
                106.966994,10.59039,0
                106.966962,10.590403,0
                106.966935,10.590413,0
                106.966887,10.590429,0
                106.966794,10.59046,0
                106.966668,10.590501,0
                106.966571,10.590531,0
                106.966513,10.590548,0
                106.966462,10.590562,0
                106.966374,10.590588,0
                106.966245,10.590627,0
                106.96613,10.59066,0
                106.966036,10.590683,0
                106.965927,10.59071,0
                106.965797,10.590742,0
                106.965658,10.590776,0
                106.965506,10.590813,0
                106.965369,10.590845,0
                106.965278,10.590864,0
                106.965201,10.590878,0
                106.965092,10.590899,0
                106.964958,10.590926,0
                106.964842,10.59095,0
                106.964758,10.590966,0
                106.96469,10.59098,0
                106.964629,10.590992,0
                106.964582,10.591001,0
                106.964549,10.591008,0
                106.964516,10.591014,0
                106.964484,10.591018,0
                106.964452,10.591021,0
                106.964413,10.591026,0
                106.964375,10.591032,0
                106.96435,10.591037,0
                106.964331,10.591039,0
                106.964302,10.591045,0
                106.964244,10.591061,0
                106.964164,10.591085,0
                106.9641,10.591106,0
                106.964036,10.591126,0
                106.963957,10.591153,0
                106.963899,10.591174,0
                106.96385,10.591196,0
                106.963788,10.591228,0
                106.963723,10.591264,0
                106.963658,10.5913,0
                106.963597,10.591332,0
                106.963553,10.591357,0
                106.963523,10.591378,0
                106.963505,10.59139,0
                106.963425,10.591449,0
                106.963318,10.591524,0
                106.963207,10.591603,0
                106.963098,10.591678,0
                106.963014,10.591736,0
                106.962968,10.591768,0
                106.962934,10.591792,0
                106.962893,10.591822,0
                106.962845,10.591857,0
                106.962793,10.591898,0
                106.962734,10.591944,0
                106.962686,10.591983,0
                106.962645,10.592018,0
                106.962595,10.59206,0
                106.962531,10.592111,0
                106.96251,10.592128,0
                106.962463,10.592166,0
                106.962394,10.592222,0
                106.962328,10.592276,0
                106.962261,10.592332,0
                106.96219,10.59239,0
                106.962117,10.592449,0
                106.962044,10.592508,0
                106.961973,10.592566,0
                106.961905,10.592622,0
                106.961837,10.592677,0
                106.961767,10.592733,0
                106.961687,10.592797,0
                106.9616,10.592869,0
                106.961516,10.592934,0
                106.961432,10.592999,0
                106.961344,10.593067,0
                106.961279,10.593116,0
                106.961243,10.593143,0
                106.961219,10.593162,0
                106.961198,10.59318,0
                106.961183,10.593191,0
                106.961169,10.5932,0
                106.96115,10.59321,0
                106.961129,10.593222,0
                106.961108,10.593234,0
                106.961083,10.593249,0
                106.961054,10.593267,0
                106.961025,10.593285,0
                106.960995,10.593305,0
                106.960945,10.593333,0
                106.960877,10.593369,0
                106.960827,10.593396,0
                106.9608,10.593411,0
                106.960779,10.593422,0
                106.960758,10.593433,0
                106.960713,10.593455,0
                106.96064,10.593489,0
                106.960579,10.593516,0
                106.960537,10.593532,0
                106.960502,10.593547,0
                106.960467,10.593563,0
                106.960462,10.593565,0
                106.960428,10.593577,0
                106.960384,10.59359,0
                106.960338,10.593604,0
                106.960288,10.593619,0
                106.960237,10.593632,0
                106.960192,10.593643,0
                106.960154,10.593652,0
                106.960111,10.593661,0
                106.960047,10.593673,0
                106.959968,10.593688,0
                106.959887,10.593703,0
                106.959815,10.593716,0
                106.959761,10.593726,0
                106.959721,10.593733,0
                106.959683,10.59374,0
                106.959632,10.59375,0
                106.959568,10.593763,0
                106.959509,10.593772,0
                106.959456,10.593778,0
                106.959401,10.593785,0
                106.959352,10.593792,0
                106.959319,10.593796,0
                106.959296,10.593797,0
                106.959279,10.593798,0
                106.959266,10.593798,0
                106.959253,10.593798,0
                106.959237,10.593798,0
                106.95922,10.593798,0
                106.959201,10.593799,0
                106.959177,10.593798,0
                106.959151,10.593798,0
                106.959124,10.593798,0
                106.959094,10.593798,0
                106.959059,10.593798,0
                106.95902,10.593798,0
                106.95898,10.593798,0
                106.958934,10.593799,0
                106.958871,10.593799,0
                106.958794,10.593798,0
                106.958721,10.593798,0
                106.958646,10.593799,0
                106.958563,10.593798,0
                106.958483,10.593797,0
                106.958408,10.593797,0
                106.958336,10.593798,0
                106.958264,10.593799,0
                106.958188,10.593798,0
                106.958115,10.593798,0
                106.958046,10.5938,0
                106.957979,10.593802,0
                106.957911,10.593804,0
                106.957849,10.593807,0
                106.95779,10.59381,0
                106.957734,10.593814,0
                106.957683,10.593817,0
                106.95763,10.59382,0
                106.957552,10.593826,0
                106.957452,10.593835,0
                106.957384,10.59384,0
                106.957352,10.593843,0
                106.957334,10.593844,0
                106.95732,10.593844,0
                106.95731,10.593845,0
                106.957302,10.593846,0
                106.957296,10.593846,0
                106.957291,10.593847,0
                106.957286,10.593847,0
                106.957281,10.593848,0
                106.957275,10.593848,0
                106.957267,10.59385,0
                106.957255,10.593851,0
                106.957233,10.593854,0
                106.957172,10.59386,0
                106.957081,10.593869,0
                106.957016,10.593876,0
                106.956981,10.59388,0
                106.956949,10.593884,0
                106.956898,10.593891,0
                106.956832,10.5939,0
                106.956784,10.593906,0
                106.956758,10.593909,0
                106.956741,10.59391,0
                106.956727,10.593912,0
                106.956717,10.593913,0
                106.956709,10.593914,0
                106.956703,10.593914,0
                106.956697,10.593915,0
                106.956692,10.593915,0
                106.956687,10.593916,0
                106.956682,10.593917,0
                106.956676,10.593918,0
                106.956669,10.593919,0
                106.956659,10.59392,0
                106.956642,10.593923,0
                106.956602,10.593929,0
                106.956542,10.593938,0
                106.956497,10.593945,0
                106.956467,10.593949,0
                106.956426,10.593956,0
                106.956356,10.593967,0
                106.956268,10.593981,0
                106.956179,10.593995,0
                106.956103,10.594007,0
                106.956054,10.594014,0
                106.956025,10.594019,0
                106.956002,10.594022,0
                106.955972,10.594027,0
                106.955936,10.594033,0
                106.955911,10.594037,0
                106.955898,10.594039,0
                106.955889,10.59404,0
                106.955883,10.594041,0
                106.955874,10.594043,0
                106.955854,10.594046,0
                106.955824,10.594051,0
                106.955804,10.594054,0
                106.955796,10.594056,0
                106.95579,10.594058,0
                106.955782,10.594059,0
                106.95577,10.594062,0
                106.955755,10.594065,0
                106.95574,10.594068,0
                106.955724,10.594071,0
                106.955706,10.594075,0
                106.955688,10.594078,0
                106.955671,10.594082,0
                106.955653,10.594086,0
                106.955637,10.594089,0
                106.955622,10.594092,0
                106.955607,10.594095,0
                106.955595,10.594098,0
                106.955587,10.5941,0
                106.955581,10.594101,0
                106.955576,10.594102,0
                106.955571,10.594103,0
                106.955566,10.594104,0
                106.955559,10.594106,0
                106.955552,10.594108,0
                106.955542,10.594111,0
                106.955525,10.594116,0
                106.955497,10.594124,0
                106.955458,10.594134,0
                106.95542,10.594144,0
                106.955381,10.594155,0
                106.955334,10.594168,0
                106.955284,10.594182,0
                106.955225,10.594199,0
                106.955154,10.594218,0
                106.955083,10.594238,0
                106.955011,10.594258,0
                106.954934,10.594279,0
                106.954872,10.594297,0
                106.954831,10.594308,0
                106.954795,10.594318,0
                106.954756,10.59433,0
                106.954728,10.594338,0
                106.954711,10.594342,0
                106.9547,10.594345,0
                106.954691,10.594347,0
                106.954684,10.594349,0
                106.954678,10.594351,0
                106.954673,10.594352,0
                106.954668,10.594354,0
                106.954663,10.594355,0
                106.954656,10.594358,0
                106.954638,10.594364,0
                106.954583,10.594381,0
                106.954496,10.594408,0
                106.954434,10.594428,0
                106.954404,10.594439,0
                106.954377,10.594449,0
                106.954344,10.594461,0
                106.954296,10.594479,0
                106.954213,10.594506,0
                106.954094,10.594545,0
                106.953954,10.594594,0
                106.953805,10.594648,0
                106.953707,10.594683,0
                106.953663,10.594697,0
                106.953637,10.594705,0
                106.953619,10.594711,0
                106.953605,10.594716,0
                106.953594,10.594719,0
                106.953587,10.594721,0
                106.953579,10.594724,0
                106.953571,10.594727,0
                106.953562,10.59473,0
                106.953554,10.594734,0
                106.953545,10.594737,0
                106.953534,10.594742,0
                106.95352,10.594748,0
                106.953503,10.594755,0
                106.953479,10.594765,0
                106.953432,10.594784,0
                106.953325,10.594825,0
                106.953174,10.594884,0
                106.953062,10.594928,0
                106.953002,10.594952,0
                106.952953,10.594972,0
                106.95289,10.594997,0
                106.952836,10.595019,0
                106.952816,10.595027,0
                106.952739,10.595057,0
                106.952663,10.595088,0
                106.952597,10.595114,0
                106.952549,10.595133,0
                106.952505,10.59515,0
                106.95246,10.595168,0
                106.952429,10.59518,0
                106.952412,10.595186,0
                106.952401,10.59519,0
                106.952395,10.595193,0
                106.952391,10.595194,0
                106.952388,10.595195,0
                106.952384,10.595197,0
                106.952378,10.595199,0
                106.952359,10.595206,0
                106.952293,10.59523,0
                106.95217,10.595276,0
                106.952052,10.595321,0
                106.951972,10.595352,0
                106.951927,10.59537,0
                106.951889,10.595384,0
                106.951817,10.595411,0
                106.951714,10.595449,0
                106.951644,10.595474,0
                106.951617,10.595485,0
                106.951603,10.59549,0
                106.951591,10.595495,0
                106.951581,10.595499,0
                106.951573,10.595502,0
                106.951566,10.595505,0
                106.951561,10.595507,0
                106.951556,10.595509,0
                106.951551,10.59551,0
                106.951546,10.595512,0
                106.951541,10.595514,0
                106.951535,10.595516,0
                106.951527,10.595518,0
                106.951515,10.595522,0
                106.951498,10.595527,0
                106.951471,10.595536,0
                106.951435,10.595548,0
                106.951398,10.595561,0
                106.951359,10.595573,0
                106.951314,10.595588,0
                106.951266,10.595604,0
                106.951219,10.59562,0
                106.951173,10.595635,0
                106.95113,10.59565,0
                106.951102,10.59566,0
                106.951087,10.595665,0
                106.951026,10.595684,0
                106.95095,10.595708,0
                106.950898,10.595725,0
                106.950872,10.595734,0
                106.950856,10.595739,0
                106.950845,10.595744,0
                106.950836,10.595747,0
                106.950829,10.595749,0
                106.950823,10.595751,0
                106.950818,10.595752,0
                106.950806,10.595756,0
                106.950766,10.595768,0
                106.950703,10.595787,0
                106.950662,10.595799,0
                106.950647,10.595803,0
                106.950637,10.595806,0
                106.950626,10.595809,0
                106.950612,10.595812,0
                106.950595,10.595816,0
                106.950587,10.595818,0
                106.950571,10.595822,0
                106.950529,10.595834,0
                106.950458,10.595853,0
                106.95037,10.595877,0
                106.950277,10.595902,0
                106.950188,10.595926,0
                106.95011,10.595947,0
                106.950044,10.595965,0
                106.94998,10.595983,0
                106.949919,10.596,0
                106.949859,10.596018,0
                106.949796,10.596038,0
                106.949738,10.596059,0
                106.949687,10.596079,0
                106.949638,10.596099,0
                106.949583,10.596122,0
                106.949526,10.596148,0
                106.949471,10.596174,0
                106.949419,10.596198,0
                106.949373,10.596216,0
                106.949334,10.596229,0
                106.949295,10.596244,0
                106.949256,10.59626,0
                106.949227,10.596271,0
                106.949206,10.596279,0
                106.949182,10.596289,0
                106.949152,10.596302,0
                106.949131,10.596311,0
                106.949122,10.596315,0
                106.949117,10.596317,0
                106.949111,10.596319,0
                106.949105,10.596321,0
                106.949095,10.596325,0
                106.949077,10.596332,0
                106.949052,10.596342,0
                106.949026,10.596353,0
                106.949,10.596364,0
                106.948967,10.596377,0
                106.948932,10.596392,0
                106.948891,10.596408,0
                106.948842,10.596428,0
                106.948787,10.59645,0
                106.948731,10.596473,0
                106.94867,10.596497,0
                106.948586,10.596531,0
                106.948429,10.596597,0
                106.948188,10.596699,0
                106.947949,10.596795,0
                106.94776,10.596868,0
                106.947581,10.596942,0
                106.947389,10.597025,0
                106.947264,10.597079,0
                106.947211,10.5971,0
                106.947172,10.597113,0
                106.947124,10.597129,0
                106.94707,10.597147,0
                106.94702,10.597164,0
                106.946973,10.597181,0
                106.94693,10.597197,0
                106.94689,10.597212,0
                106.946853,10.597225,0
                106.946822,10.597236,0
                106.946798,10.597246,0
                106.946772,10.597253,0
                106.946741,10.59726,0
                106.946701,10.597271,0
                106.946641,10.597288,0
                106.94657,10.597306,0
                106.946496,10.597318,0
                106.946408,10.597323,0
                106.946322,10.597322,0
                106.94626,10.597311,0
                106.946195,10.597298,0
                106.945763,10.597212,0
                106.94534,10.597131,0
                106.945242,10.597112,0
                106.94515,10.597093,0
                106.945064,10.597075,0
                106.94497,10.597056,0
                106.944864,10.597032,0
                106.944753,10.597007,0
                106.944614,10.596972,0
                106.944451,10.596931,0
                106.94433,10.596899,0
                106.944261,10.596879,0
                106.944194,10.596859,0
                106.944076,10.596828,0
                106.943916,10.596788,0
                106.943783,10.596758,0
                106.943687,10.596741,0
                106.943595,10.596727,0
                106.943489,10.596713,0
                106.943372,10.596699,0
                106.943267,10.596683,0
                106.943169,10.59667,0
                106.943079,10.596661,0
                106.943014,10.596655,0
                106.942969,10.596649,0
                106.942937,10.596646,0
                106.942912,10.596646,0
                106.942883,10.596647,0
                106.942843,10.596647,0
                106.942776,10.596646,0
                106.942685,10.596643,0
                106.942603,10.596642,0
                106.942521,10.596643,0
                106.942408,10.596644,0
                106.942381,10.596644,0
                106.942277,10.596643,0
                106.942166,10.596644,0
                106.942091,10.596648,0
                106.942031,10.596653,0
                106.94197,10.596657,0
                106.941909,10.596661,0
                106.941846,10.596665,0
                106.941781,10.596672,0
                106.941714,10.596681,0
                106.941654,10.596691,0
                106.94159,10.596702,0
                106.941505,10.596719,0
                106.941408,10.596741,0
                106.941319,10.596765,0
                106.941233,10.596788,0
                106.941153,10.596811,0
                106.941097,10.59683,0
                106.941051,10.596848,0
                106.940996,10.596872,0
                106.940931,10.5969,0
                106.940862,10.596931,0
                106.94078,10.59697,0
                106.940687,10.597018,0
                106.940596,10.597065,0
                106.940509,10.597112,0
                106.940429,10.597156,0
                106.940378,10.597187,0
                106.940345,10.597209,0
                106.940314,10.597232,0
                106.940281,10.597255,0
                106.940248,10.597279,0
                106.940214,10.597303,0
                106.940176,10.597331,0
                106.940137,10.597362,0
                106.939887,10.597615,0
                106.939686,10.597817,0
                106.938485,10.599029,0
                106.938416,10.599099,0
                106.93821,10.599222,0
                106.938019,10.599335,0
                106.937406,10.599478,0
                106.93579,10.599659,0
                106.935977,10.599472,0
                106.936229,10.599133,0
                106.936306,10.598951,0
                106.936438,10.598501,0
                106.936501,10.598285,0
                106.936585,10.597883,0
                106.936657,10.597224,0
                106.936676,10.596841,0
                106.936615,10.596018,0
                106.936443,10.595079,0
                106.9364,10.594932,0
                106.936363,10.594803,0
                106.936322,10.594666,0
                106.936264,10.594477,0
                106.936198,10.594264,0
                106.936144,10.594095,0
                106.936103,10.59397,0
                106.936062,10.593837,0
                106.936015,10.593675,0
                106.935979,10.593544,0
                106.935969,10.593506,0
                106.935953,10.593447,0
                106.935924,10.593337,0
                106.93588,10.593187,0
                106.93582,10.593003,0
                106.935757,10.592817,0
                106.935697,10.592649,0
                106.935646,10.592519,0
                106.935603,10.592412,0
                106.93556,10.592307,0
                106.935504,10.592176,0
                106.935436,10.592025,0
                106.935377,10.591899,0
                106.935343,10.591831,0
                106.935321,10.59179,0
                106.935292,10.591738,0
                106.935255,10.591673,0
                106.935225,10.591618,0
                106.935202,10.591574,0
                106.935175,10.591524,0
                106.935143,10.591468,0
                106.93512,10.591428,0
                106.935107,10.591403,0
                106.935096,10.591379,0
                106.93508,10.591351,0
                106.935065,10.591322,0
                106.935053,10.591301,0
                106.935043,10.591284,0
                106.935031,10.591263,0
                106.935007,10.591225,0
                106.934958,10.591151,0
                106.93489,10.591051,0
                106.934829,10.590958,0
                106.934767,10.590864,0
                106.934697,10.590761,0
                106.934645,10.590682,0
                106.934617,10.590638,0
                106.9346,10.590609,0
                106.934585,10.590585,0
                106.934566,10.590556,0
                106.934544,10.590525,0
                106.934528,10.590501,0
                106.934518,10.590486,0
                106.934508,10.590469,0
                106.934493,10.590447,0
                106.934476,10.590422,0
                106.934454,10.590391,0
                106.934429,10.590357,0
                106.934405,10.590323,0
                106.934378,10.590286,0
                106.934346,10.590243,0
                106.934312,10.590197,0
                106.934276,10.590147,0
                106.934236,10.590093,0
                106.934235,10.590091,0
                106.93419,10.59003,0
                106.934138,10.589959,0
                106.934082,10.589882,0
                106.934023,10.5898,0
                106.933949,10.589696,0
                106.933851,10.589553,0
                106.933741,10.589393,0
                106.933653,10.589262,0
                106.933599,10.589177,0
                106.933542,10.589089,0
                106.933456,10.588956,0
                106.933366,10.58881,0
                106.933285,10.588676,0
                106.933211,10.588553,0
                106.933155,10.588462,0
                106.933122,10.58841,0
                106.933098,10.58837,0
                106.93307,10.588322,0
                106.93304,10.588265,0
                106.933007,10.588204,0
                106.932963,10.588139,0
                106.932918,10.58808,0
                106.932894,10.588045,0
                106.932885,10.588023,0
                106.932876,10.587985,0
                106.932856,10.587915,0
                106.932822,10.587829,0
                106.932782,10.587758,0
                106.932758,10.587717,0
                106.932749,10.587687,0
                106.93274,10.587644,0
                106.932727,10.587595,0
                106.932713,10.587558,0
                106.932711,10.587551,0
                106.932701,10.587516,0
                106.932696,10.587483,0
                106.932691,10.587443,0
                106.93268,10.587387,0
                106.932659,10.587285,0
                106.932637,10.587149,0
                106.932618,10.587042,0
                106.932584,10.586767,0
                106.932548,10.586325,0
                106.931724,10.586181,0
                106.931638,10.586158,0
                106.931227,10.586045,0
                106.930912,10.58593,0
                106.930871,10.585913,0
                106.930827,10.585894,0
                106.930794,10.58588,0
                106.930774,10.585871,0
                106.930755,10.585862,0
                106.930729,10.585851,0
                106.930699,10.585838,0
                106.930669,10.585824,0
                106.930639,10.585811,0
                106.930608,10.585797,0
                106.930574,10.585782,0
                106.93054,10.585766,0
                106.930504,10.585751,0
                106.930461,10.585731,0
                106.930408,10.585707,0
                106.93035,10.585681,0
                106.930277,10.585647,0
                106.930191,10.585605,0
                106.930102,10.585562,0
                106.930058,10.585541,0
                106.930018,10.585521,0
                106.929952,10.585489,0
                106.929911,10.585469,0
                106.929883,10.585454,0
                106.929855,10.585439,0
                106.929813,10.585416,0
                106.929742,10.585375,0
                106.92965,10.585321,0
                106.929556,10.585267,0
                106.929514,10.585241,0
                106.929475,10.585218,0
                106.929422,10.585185,0
                106.929387,10.585161,0
                106.929357,10.585141,0
                106.929332,10.585124,0
                106.929304,10.585106,0
                106.929262,10.585076,0
                106.929199,10.585031,0
                106.929109,10.584966,0
                106.929082,10.584946,0
                106.92901,10.584894,0
                106.928937,10.584839,0
                106.928856,10.584777,0
                106.928844,10.584768,0
                106.928722,10.584672,0
                106.928558,10.584539,0
                106.928398,10.584406,0
                106.928249,10.58428,0
                106.928143,10.584191,0
                106.928091,10.584148,0
                106.928061,10.58412,0
                106.928017,10.58408,0
                106.927956,10.584023,0
                106.927884,10.583955,0
                106.927799,10.583876,0
                106.927725,10.583806,0
                106.927672,10.583757,0
                106.927632,10.583718,0
                106.927618,10.583704,0
                106.927549,10.583639,0
                106.92749,10.583581,0
                106.927436,10.58353,0
                106.927369,10.583465,0
                106.927289,10.583389,0
                106.927205,10.583308,0
                106.927113,10.58322,0
                106.927024,10.583134,0
                106.926957,10.58307,0
                106.926904,10.583019,0
                106.926842,10.58296,0
                106.926772,10.582892,0
                106.926716,10.582839,0
                106.926681,10.582805,0
                106.926654,10.582779,0
                106.926627,10.582753,0
                106.926594,10.582722,0
                106.926546,10.58268,0
                106.926485,10.582632,0
                106.926433,10.582592,0
                106.926386,10.58256,0
                106.926345,10.582534,0
                106.926285,10.582504,0
                106.926267,10.582503,0
                106.926254,10.5825,0
                106.926234,10.582496,0
                106.926231,10.582496,0
                106.926214,10.582495,0
                106.926195,10.582494,0
                106.926172,10.582492,0
                106.926148,10.58249,0
                106.926131,10.582492,0
                106.926011,10.582385,0
                106.92529,10.581746,0
                106.924036,10.580673,0
                106.923491,10.580207,0
                106.922373,10.57921,0
                106.922062,10.578905,0
                106.921774,10.578492,0
                106.921358,10.577483,0
                106.921018,10.577399,0
                106.920703,10.577361,0
                106.920493,10.577336,0
                106.92034,10.576965,0
                106.920122,10.576435,0
                106.91998,10.576091,0
                106.919482,10.575087,0
                106.919004,10.574103,0
                106.918546,10.573156,0
                106.918508,10.573048,0
                106.918478,10.572968,0
                106.918444,10.572877,0
                106.918395,10.57274,0
                106.918358,10.572636,0
                106.918335,10.572572,0
                106.918291,10.572447,0
                106.918263,10.572367,0
                106.918233,10.57225,0
                106.918194,10.572051,0
                106.918166,10.571726,0
                106.918147,10.57119,0
                106.918117,10.570601,0
                106.918069,10.570179,0
                106.918022,10.569916,0
                106.917996,10.569724,0
                106.917994,10.569582,0
                106.918,10.569495,0
                106.918005,10.569436,0
                106.918011,10.569383,0
                106.91802,10.569335,0
                106.918022,10.569324,0
                106.918048,10.569252,0
                106.91809,10.569163,0
                106.918137,10.569076,0
                106.918172,10.569005,0
                106.918195,10.568943,0
                106.918231,10.568864,0
                106.918295,10.568756,0
                106.918365,10.568645,0
                106.918416,10.568555,0
                106.918467,10.568468,0
                106.918538,10.568362,0
                106.918621,10.568241,0
                106.918703,10.568119,0
                106.918781,10.568,0
                106.918857,10.567886,0
                106.918924,10.567789,0
                106.918972,10.567723,0
                106.919002,10.567681,0
                106.919024,10.567647,0
                106.919062,10.567602,0
                106.919133,10.56753,0
                106.919227,10.567444,0
                106.919323,10.567359,0
                106.919382,10.567306,0
                106.919406,10.567284,0
                106.919852,10.567012,0
                106.919905,10.566993,0
                106.920402,10.566738,0
                106.920942,10.566492,0
                106.921284,10.566371,0
                106.921684,10.566248,0
                106.922176,10.566093,0
                106.922358,10.566049,0
                106.922557,10.566019,0
                106.922729,10.566004,0
                106.922815,10.566006,0
                106.922983,10.566005,0
                106.923066,10.566004,0
                106.923556,10.565992,0
                106.923656,10.565991,0
                106.924204,10.565938,0
                106.924424,10.565903,0
                106.924606,10.56588,0
                106.924773,10.565857,0
                106.924963,10.565828,0
                106.926607,10.565656,0
                106.927434,10.565524,0
                106.927626,10.56549,0
                106.928574,10.565321,0
                106.928617,10.565311,0
                106.929214,10.565169,0
                106.929448,10.565113,0
                106.930162,10.564871,0
                106.930599,10.564629,0
                106.93091,10.564434,0
                106.931276,10.564149,0
                106.931595,10.563882,0
                106.931877,10.563584,0
                106.93217,10.563206,0
                106.932405,10.562879,0
                106.932416,10.562859,0
                106.932506,10.562696,0
                106.932935,10.561921,0
                106.933153,10.561429,0
                106.933357,10.560936,0
                106.933551,10.560319,0
                106.933728,10.559722,0
                106.933838,10.559283,0
                106.933949,10.558766,0
                106.934079,10.558103,0
                106.934242,10.557208,0
                106.934305,10.556803,0
                106.934402,10.556191,0
                106.934408,10.55615,0
                106.934445,10.555916,0
                106.934447,10.555895,0
                106.934561,10.555037,0
                106.934581,10.554848,0
                106.934679,10.5539,0
                106.934693,10.55313,0
                106.934695,10.552423,0
                106.934602,10.551948,0
                106.93447,10.551313,0
                106.93429,10.55065,0
                106.93413,10.55015,0
                106.933925,10.549658,0
                106.933741,10.549238,0
                106.933492,10.548666,0
                106.933158,10.547963,0
                106.933046,10.547763,0
                106.932872,10.547453,0
                106.932667,10.547091,0
                106.932374,10.546594,0
                106.93143,10.545124,0
                106.930601,10.543975,0
                106.93043,10.543766,0
                106.928634,10.541569,0
                106.927588,10.540406,0
                106.927077,10.539839,0
                106.926587,10.539294,0
                106.926503,10.539187,0
                106.924711,10.537252,0
                106.923816,10.536237,0
                106.921974,10.533943,0
                106.920939,10.532428,0
                106.920462,10.531731,0
                106.921038,10.531631,0
                106.922089,10.53129,0
                106.923217,10.530804,0
                106.924448,10.530254,0
                106.925923,10.529487,0
                106.926145,10.529374,0
                106.928197,10.528326,0
                106.928663,10.528161,0
                106.929128,10.527995,0
                106.929693,10.527848,0
                106.932014,10.527188,0
                106.933426,10.526863,0
                106.93534,10.526391,0
                106.936128,10.52622,0
                106.936917,10.52605,0
                106.938111,10.525573,0
                106.939427,10.525073,0
                106.939805,10.524888,0
                106.940614,10.524491,0
                106.941519,10.524006,0
                106.941764,10.523875,0
                106.941782,10.523865,0
                106.941939,10.523768,0
                106.942861,10.5232,0
                106.943887,10.522427,0
                106.94427,10.522081,0
                106.944886,10.521537,0
                106.945686,10.520631,0
                106.946625,10.519138,0
                106.946781,10.518755,0
                106.947434,10.517148,0
                106.947759,10.516207,0
                106.947956,10.515638,0
                106.948404,10.513866,0
                106.948805,10.512189,0
                106.94906,10.510585,0
                106.949127,10.509568,0
                106.949179,10.50878,0
                106.949215,10.50824,0
                106.949234,10.50563,0
                106.949093,10.502916,0
                106.949083,10.501452,0
                106.949082,10.501231,0
                106.949086,10.501095,0
                106.949098,10.50068,0
                106.949194,10.498984,0
                106.949222,10.4988,0
                106.949256,10.498576,0
                106.949338,10.498034,0
                106.949579,10.496445,0
                106.949746,10.495348,0
                106.94975,10.495325,0
                106.949825,10.4949,0
                106.949886,10.494563,0
                106.950398,10.491692,0
                106.950448,10.491407,0
                106.950527,10.490967,0
                106.950665,10.490189,0
                106.950679,10.49011,0
                106.95084,10.486881,0
                106.9505,10.485537,0
                106.949157,10.483363,0
                106.946794,10.481225,0
                106.94547,10.480026,0
                106.945056,10.479651,0
                106.942425,10.477332,0
                106.939721,10.474947,0
                106.939311,10.474454,0
                106.93864,10.473647,0
                106.938221,10.472652,0
                106.938063,10.471439,0
                106.938181,10.470807,0
                106.93825,10.470525,0
                106.938269,10.470449,0
                106.938335,10.470181,0
                106.938573,10.469881,0
                106.941807,10.471135,0
                106.942246,10.471305,0
                106.943346,10.471731,0
                106.943467,10.471778,0
                106.944655,10.472238,0
                106.944857,10.472246,0
                106.945009,10.472278,0
                106.945098,10.472321,0
                106.945218,10.472378,0
                106.945384,10.472434,0
                106.945487,10.472409,0
                106.945553,10.472313,0
                106.945591,10.472187,0
                106.945675,10.472148,0
                106.945745,10.47216,0
                106.945927,10.472242,0
                106.94612,10.472262,0
                106.946492,10.472314,0
                106.9469,10.472296,0
                106.94734,10.47226,0
                106.947561,10.472189,0
                106.947623,10.472133,0
                106.947666,10.472034,0
                106.947672,10.47198,0
                106.947704,10.471851,0
                106.947817,10.47177,0
                106.948007,10.471675,0
                106.948216,10.47159,0
                106.948321,10.471556,0
                106.948408,10.471456,0
                106.948488,10.471309,0
                106.948593,10.471156,0
                106.948764,10.470996,0
                106.949126,10.470806,0
                106.949351,10.470787,0
                106.9494,10.470788,0
                106.94949,10.470815,0
                106.949589,10.470829,0
                106.949846,10.470851,0
                106.949851,10.470851,0
                106.950324,10.470979,0
                106.950408,10.471011,0
                106.950483,10.471025,0
                106.950658,10.47099,0
                106.95088,10.470915,0
                106.951103,10.470858,0
                106.951384,10.470813,0
                106.951495,10.470817,0
                106.951557,10.470792,0
                106.95159,10.470688,0
                106.951651,10.47059,0
                106.952027,10.470323,0
                106.952221,10.470147,0
                106.952317,10.469973,0
                106.952359,10.469751,0
                106.952415,10.469572,0
                106.952554,10.469293,0
                106.952678,10.469181,0
                106.95277,10.469173,0
                106.952833,10.469165,0
                106.952912,10.469087,0
                106.95299,10.468995,0
                106.953179,10.468875,0
                106.953197,10.468868,0
                106.953307,10.468825,0
                106.95341,10.46882,0
                106.953545,10.468885,0
                106.953658,10.468888,0
                106.953678,10.468859,0
                106.953714,10.468713,0
                106.953736,10.468656,0
                106.953767,10.468641,0
                106.953809,10.468669,0
                106.953836,10.468721,0
                106.954422,10.46911,0
                106.954877,10.469413,0
                106.954987,10.469382,0
                106.955097,10.469413,0
                106.955163,10.469461,0
                106.955236,10.469515,0
                106.955365,10.469555,0
                106.955462,10.469531,0
                106.955519,10.469462,0
                106.955614,10.469379,0
                106.955732,10.469336,0
                106.955846,10.469361,0
                106.955965,10.469425,0
                106.956071,10.46948,0
                106.95621,10.469472,0
                106.956306,10.469436,0
                106.9564,10.469401,0
                106.95663,10.469287,0
                106.956808,10.469148,0
                106.956932,10.468954,0
                106.956967,10.468899,0
                106.957081,10.46863,0
                106.957089,10.468599,0
                106.957133,10.468405,0
                106.957257,10.468189,0
                106.957482,10.467951,0
                106.957751,10.467699,0
                106.957943,10.467556,0
                106.958055,10.467441,0
                106.958097,10.467369,0
                106.958152,10.467241,0
                106.958248,10.467109,0
                106.958331,10.467065,0
                106.95842,10.46707,0
                106.958454,10.467104,0
                106.958496,10.467179,0
                106.958595,10.467235,0
                106.958697,10.467225,0
                106.958727,10.467222,0
                106.958809,10.467217,0
                106.959012,10.467266,0
                106.959109,10.467253,0
                106.959141,10.467241,0
                106.959351,10.467159,0
                106.959557,10.467063,0
                106.95971,10.467053,0
                106.95996,10.466982,0
                106.960207,10.466808,0
                106.960372,10.466675,0
                106.960631,10.466373,0
                106.960838,10.466164,0
                106.960965,10.466035,0
                106.961147,10.465851,0
                106.961231,10.46575,0
                106.961378,10.465477,0
                106.961456,10.465372,0
                106.961544,10.465335,0
                106.961677,10.465283,0
                106.961681,10.46528,0
                106.96175,10.465236,0
                106.961894,10.465173,0
                106.961961,10.465118,0
                106.962029,10.465033,0
                106.962057,10.464957,0
                106.962067,10.464846,0
                106.962097,10.464758,0
                106.962195,10.464728,0
                106.962368,10.464717,0
                106.962493,10.464729,0
                106.962596,10.464696,0
                106.96264,10.464611,0
                106.962685,10.464599,0
                106.963446,10.46444,0
                106.963529,10.464423,0
                106.96441,10.464239,0
                106.964571,10.464206,0
                106.964732,10.464172,0
                106.965428,10.464027,0
                106.965534,10.463914,0
                106.965764,10.463666,0
                106.965957,10.463564,0
                106.966031,10.463589,0
                106.966193,10.463646,0
                106.966345,10.463818,0
                106.966486,10.464122,0
                106.96658,10.464666,0
                106.966706,10.465424,0
                106.96707,10.466648,0
                106.967072,10.466989,0
                106.967049,10.467156,0
                106.966971,10.467288,0
                106.966851,10.467415,0
                106.966798,10.467529,0
                106.96681,10.467618,0
                106.966835,10.467654,0
                106.966974,10.467653,0
                106.96704,10.467712,0
                106.967091,10.468095,0
                106.967161,10.468537,0
                106.967236,10.469015,0
                106.967464,10.469701,0
                106.967465,10.469844,0
                106.967423,10.46997,0
                106.967399,10.470181,0
                106.967327,10.470812,0
                106.967378,10.470947,0
                106.967379,10.471041,0
                106.967363,10.471107,0
                106.967329,10.471249,0
                106.96733,10.47145,0
                106.967414,10.47164,0
                106.967699,10.471968,0
                106.968099,10.472427,0
                106.968169,10.472429,0
                106.968251,10.472447,0
                106.968264,10.47245,0
                106.968378,10.472409,0
                106.968474,10.472346,0
                106.968522,10.472334,0
                106.968564,10.472345,0
                106.968857,10.473205,0
                106.968859,10.47336,0
                106.968815,10.47347,0
                106.968781,10.473547,0
                106.968716,10.473657,0
                106.968713,10.473751,0
                106.968748,10.473832,0
                106.96886,10.473932,0
                106.969038,10.474129,0
                106.969189,10.474705,0
                106.969234,10.474975,0
                106.96931,10.475421,0
                106.969293,10.475589,0
                106.969287,10.475658,0
                106.969236,10.475815,0
                106.969713,10.47663,0
                106.970129,10.477343,0
                106.970176,10.47745,0
                106.970223,10.477558,0
                106.97023,10.477574,0
                106.970298,10.477733,0
                106.970354,10.477807,0
                106.970491,10.477986,0
                106.970659,10.478135,0
                106.970774,10.478315,0
                106.970888,10.478678,0
                106.970966,10.479073,0
                106.97108,10.479323,0
                106.971236,10.47958,0
                106.971489,10.479891,0
                106.971585,10.480064,0
                106.971681,10.480142,0
                106.972089,10.480337,0
                106.972156,10.480409,0
                106.972149,10.480732,0
                106.972147,10.480847,0
                106.972091,10.480971,0
                106.97183,10.481125,0
                106.971816,10.481239,0
                106.971827,10.481288,0
                106.971829,10.481297,0
                106.971831,10.481307,0
                106.971865,10.481332,0
                106.971933,10.481321,0
                106.971967,10.481316,0
                106.971983,10.481313,0
                106.972186,10.481197,0
                106.972348,10.481049,0
                106.972396,10.481037,0
                106.972518,10.481089,0
                106.972747,10.481136,0
                106.972819,10.481181,0
                106.972838,10.481198,0
                106.973383,10.481683,0
                106.973756,10.482082,0
                106.973767,10.482099,0
                106.973774,10.482103,0
                106.974022,10.482491,0
                106.974027,10.482584,0
                106.973936,10.48281,0
                106.973915,10.482883,0
                106.973852,10.483004,0
                106.973853,10.483076,0
                106.973911,10.483141,0
                106.973941,10.483219,0
                106.973948,10.483344,0
                106.973964,10.483422,0
                106.974055,10.483508,0
                106.974207,10.483618,0
                106.974256,10.483707,0
                106.974325,10.483773,0
                106.974379,10.483853,0
                106.974479,10.483943,0
                106.974575,10.484144,0
                106.974666,10.484309,0
                106.974733,10.48432,0
                106.97477,10.484271,0
                106.974719,10.484167,0
                106.974691,10.484055,0
                106.974641,10.483866,0
                106.974549,10.483755,0
                106.974479,10.483678,0
                106.974459,10.483591,0
                106.974518,10.48349,0
                106.974659,10.483389,0
                106.974823,10.483307,0
                106.974954,10.483293,0
                106.975055,10.483323,0
                106.97526,10.483548,0
                106.975616,10.483761,0
                106.975752,10.483867,0
                106.975787,10.483909,0
                106.975788,10.483913,0
                106.975798,10.483991,0
                106.975756,10.484119,0
                106.975758,10.484178,0
                106.975771,10.484211,0
                106.975791,10.484222,0
                106.975838,10.484217,0
                106.975874,10.484204,0
                106.975931,10.484197,0
                106.976092,10.484236,0
                106.97615,10.484269,0
                106.976157,10.484291,0
                106.976159,10.484329,0
                106.976153,10.484351,0
                106.976087,10.484393,0
                106.976019,10.48442,0
                106.975986,10.484448,0
                106.975986,10.484466,0
                106.976,10.484499,0
                106.976049,10.48455,0
                106.976056,10.48456,0
                106.976075,10.484687,0
                106.9761,10.484727,0
                106.976135,10.484741,0
                106.9762,10.484743,0
                106.976285,10.484755,0
                106.976343,10.484771,0
                106.976376,10.484795,0
                106.9764,10.484836,0
                106.976405,10.48487,0
                106.976386,10.484983,0
                106.976222,10.485232,0
                106.976151,10.485438,0
                106.976121,10.485574,0
                106.976187,10.485768,0
                106.976278,10.485872,0
                106.976363,10.485902,0
                106.976574,10.48582,0
                106.976938,10.485676,0
                106.97702,10.485683,0
                106.977071,10.485736,0
                106.977104,10.485791,0
                106.977087,10.485851,0
                106.977075,10.485889,0
                106.976972,10.485979,0
                106.976967,10.485983,0
                106.976922,10.486096,0
                106.976903,10.486146,0
                106.97688,10.486361,0
                106.976906,10.486684,0
                106.976926,10.486938,0
                106.97691,10.487151,0
                106.976807,10.48737,0
                106.976663,10.487519,0
                106.976422,10.48767,0
                106.976196,10.487849,0
                106.976185,10.487858,0
                106.975963,10.488085,0
                106.975872,10.488141,0
                106.975689,10.488168,0
                106.975443,10.488239,0
                106.975207,10.488347,0
                106.974986,10.488523,0
                106.974944,10.488876,0
                106.974911,10.489147,0
                106.974826,10.489853,0
                106.974902,10.489856,0
                106.974963,10.489899,0
                106.975059,10.490108,0
                106.975092,10.490282,0
                106.975061,10.490455,0
                106.974917,10.490701,0
                106.974706,10.490905,0
                106.974582,10.49103,0
                106.974473,10.491233,0
                106.974297,10.49136,0
                106.974247,10.491335,0
                106.974213,10.491332,0
                106.974117,10.491344,0
                106.973986,10.491431,0
                106.973951,10.491471,0
                106.973951,10.491527,0
                106.974004,10.491573,0
                106.974103,10.491636,0
                106.974159,10.491731,0
                106.97432,10.491815,0
                106.974635,10.49193,0
                106.974904,10.492081,0
                106.975019,10.492205,0
                106.975066,10.492314,0
                106.975063,10.492501,0
                106.975033,10.492632,0
                106.974968,10.492764,0
                106.974889,10.492883,0
                106.974815,10.493047,0
                106.974796,10.493242,0
                106.974776,10.493453,0
                106.974758,10.493537,0
                106.974748,10.493585,0
                106.974745,10.493669,0
                106.974705,10.49398,0
                106.974768,10.49441,0
                106.974804,10.495197,0
                106.97478,10.495608,0
                106.974775,10.495682,0
                106.974765,10.495865,0
                106.97476,10.496062,0
                106.974725,10.496186,0
                106.974653,10.496296,0
                106.974584,10.496372,0
                106.9745,10.496538,0
                106.974492,10.496601,0
                106.974513,10.496718,0
                106.974514,10.496722,0
                106.974542,10.49685,0
                106.974542,10.497094,0
                106.974542,10.497386,0
                106.974561,10.497711,0
                106.974574,10.497911,0
                106.974576,10.498078,0
                106.974577,10.49815,0
                106.974615,10.498238,0
                106.97465,10.498322,0
                106.975804,10.498402,0
                106.979293,10.498646,0
                106.984084,10.498981,0
                106.984081,10.498922,0
                106.984099,10.498871,0
                106.984126,10.49885,0
                106.984177,10.49885,0
                106.984256,10.498888,0
                106.984347,10.498918,0
                106.984419,10.498917,0
                106.984459,10.498911,0
                106.984473,10.498872,0
                106.984455,10.49883,0
                106.984358,10.49878,0
                106.984027,10.498564,0
                106.983903,10.498469,0
                106.983839,10.498371,0
                106.98382,10.498339,0
                106.983772,10.49826,0
                106.98372,10.498174,0
                106.98367,10.498078,0
                106.983628,10.497998,0
                106.983582,10.497858,0
                106.983562,10.497589,0
                106.983573,10.49749,0
                106.983697,10.497379,0
                106.983805,10.497319,0
                106.983901,10.497291,0
                106.98398,10.497309,0
                106.984074,10.49735,0
                106.984156,10.497358,0
                106.984294,10.497334,0
                106.984367,10.497303,0
                106.984412,10.497273,0
                106.984412,10.497249,0
                106.984384,10.497225,0
                106.984203,10.49722,0
                106.984112,10.497191,0
                106.984067,10.497132,0
                106.984057,10.496991,0
                106.984037,10.496815,0
                106.984001,10.496794,0
                106.983928,10.496792,0
                106.983859,10.496843,0
                106.983806,10.496933,0
                106.983677,10.497182,0
                106.983644,10.497239,0
                106.983593,10.497257,0
                106.983493,10.497243,0
                106.983442,10.497204,0
                106.983375,10.497121,0
                106.983347,10.496999,0
                106.983331,10.496873,0
                106.983346,10.496721,0
                106.983362,10.496565,0
                106.983352,10.496359,0
                106.983278,10.496192,0
                106.983178,10.496067,0
                106.983129,10.496001,0
                106.983113,10.495921,0
                106.983131,10.495813,0
                106.983158,10.495753,0
                106.983242,10.495678,0
                106.983265,10.4956,0
                106.983259,10.495555,0
                106.983249,10.495481,0
                106.983217,10.495152,0
                106.983222,10.494984,0
                106.983249,10.494919,0
                106.9833,10.494846,0
                106.983326,10.494766,0
                106.983365,10.494646,0
                106.983388,10.494484,0
                106.983443,10.494044,0
                106.983444,10.493811,0
                106.983462,10.493709,0
                106.983503,10.493625,0
                106.983584,10.493538,0
                106.983701,10.493319,0
                106.983854,10.493118,0
                106.984058,10.492893,0
                106.984126,10.49274,0
                106.984155,10.492554,0
                106.984223,10.492318,0
                106.984225,10.492189,0
                106.984297,10.492021,0
                106.984477,10.491847,0
                106.984561,10.491765,0
                106.984755,10.491466,0
                106.984788,10.491414,0
                106.984891,10.491372,0
                106.984982,10.491404,0
                106.985078,10.491421,0
                106.98522,10.49142,0
                106.985308,10.491435,0
                106.985371,10.491446,0
                106.985393,10.491485,0
                106.985396,10.491578,0
                106.985335,10.491713,0
                106.985328,10.491728,0
                106.98532,10.491758,0
                106.985269,10.491949,0
                106.985211,10.492107,0
                106.985204,10.492126,0
                106.985142,10.49241,0
                106.985155,10.492554,0
                106.985176,10.492605,0
                106.985213,10.492622,0
                106.98527,10.492616,0
                106.985393,10.492516,0
                106.985477,10.492435,0
                106.985556,10.492423,0
                106.985653,10.492476,0
                106.985747,10.492589,0
                106.985964,10.492911,0
                106.986013,10.493027,0
                106.986052,10.493056,0
                106.986119,10.493086,0
                106.986201,10.4931,0
                106.98627,10.493118,0
                106.986301,10.493145,0
                106.986301,10.493198,0
                106.986274,10.493258,0
                106.986185,10.493513,0
                106.986156,10.493624,0
                106.986165,10.49371,0
                106.986199,10.493743,0
                106.986247,10.493746,0
                106.986332,10.493736,0
                106.98644,10.493712,0
                106.986531,10.493717,0
                106.986607,10.493779,0
                106.986686,10.493884,0
                106.986717,10.494027,0
                106.986736,10.494149,0
                106.9868,10.494286,0
                106.986922,10.494501,0
                106.98702,10.494617,0
                106.987138,10.494685,0
                106.987341,10.494812,0
                106.987433,10.494916,0
                106.987479,10.495027,0
                106.987528,10.495113,0
                106.987607,10.495193,0
                106.987722,10.495246,0
                106.987818,10.495255,0
                106.987948,10.495218,0
                106.988047,10.495158,0
                106.988129,10.495136,0
                106.988192,10.495145,0
                106.98828,10.495186,0
                106.988329,10.495254,0
                106.988442,10.495523,0
                106.988502,10.495551,0
                106.98853,10.495564,0
                106.988688,10.495608,0
                106.988763,10.495655,0
                106.988797,10.495724,0
                106.988819,10.495807,0
                106.988814,10.495939,0
                106.988734,10.49625,0
                106.988678,10.49643,0
                106.988676,10.496542,0
                106.988676,10.496577,0
                106.988731,10.49669,0
                106.988757,10.496721,0
                106.988923,10.496916,0
                106.989506,10.497453,0
                106.989609,10.497548,0
                106.989636,10.497578,0
                106.989874,10.49784,0
                106.990111,10.498101,0
                106.990397,10.498389,0
                106.990703,10.498597,0
                106.990728,10.498659,0
                106.990737,10.49868,0
                106.990762,10.498734,0
                106.990798,10.498782,0
                106.990865,10.498808,0
                106.990935,10.498835,0
                106.991073,10.498837,0
                106.991355,10.498871,0
                106.991424,10.498915,0
                106.991438,10.498943,0
                106.991455,10.49898,0
                106.991474,10.49898,0
                106.992902,10.49898,0
                106.996579,10.498979,0
                106.997791,10.498979,0
                106.998486,10.498979,0
                106.997984,10.499563,0
                106.997482,10.500147,0
                106.99746,10.500255,0
                106.997298,10.500934,0
                106.997193,10.502155,0
                106.997334,10.503213,0
                106.997668,10.504351,0
                106.998412,10.505379,0
                106.999239,10.50638,0
                106.99958,10.506646,0
                106.999758,10.506784,0
                107.000174,10.507109,0
                107.001779,10.507855,0
                107.003443,10.508561,0
                107.005555,10.510054,0
                107.006657,10.510925,0
                107.006928,10.511175,0
                107.007128,10.511273,0
                107.007224,10.511305,0
                107.00726,10.511318,0
                107.008148,10.512505,0
                107.008342,10.512762,0
                107.008472,10.512903,0
                107.008607,10.513023,0
                107.008735,10.513131,0
                107.008831,10.513218,0
                107.008898,10.513304,0
                107.008952,10.513436,0
                107.009023,10.513643,0
                107.009182,10.513937,0
                107.009475,10.514323,0
                107.009641,10.514532,0
                107.009808,10.51474,0
                107.010019,10.515021,0
                107.010198,10.515276,0
                107.010201,10.51528,0
                107.010237,10.515306,0
                107.010258,10.515322,0
                107.010291,10.515352,0
                107.010321,10.515399,0
                107.010329,10.515477,0
                107.010323,10.515562,0
                107.010321,10.515588,0
                107.01035,10.515699,0
                107.010399,10.515737,0
                107.010455,10.51578,0
                107.010611,10.515877,0
                107.010801,10.516104,0
                107.011044,10.516519,0
                107.011306,10.517023,0
                107.011499,10.517425,0
                107.011592,10.517666,0
                107.011627,10.517841,0
                107.011647,10.51803,0
                107.011679,10.51823,0
                107.011753,10.518426,0
                107.011855,10.518581,0
                107.011904,10.518656,0
                107.012123,10.518981,0
                107.012321,10.519422,0
                107.012369,10.519696,0
                107.012407,10.519919,0
                107.012404,10.520338,0
                107.012854,10.52137,0
                107.012931,10.521547,0
                107.013933,10.522959,0
                107.014936,10.52437,0
                107.015752,10.525375,0
                107.016229,10.525963,0
                107.01671,10.526485,0
                107.017888,10.528073,0
                107.018304,10.528247,0
                107.018616,10.528476,0
                107.018837,10.528667,0
                107.019027,10.528829,0
                107.019236,10.528996,0
                107.019452,10.529156,0
                107.019704,10.529338,0
                107.019993,10.52955,0
                107.020275,10.52976,0
                107.02047,10.52992,0
                107.020614,10.530048,0
                107.020765,10.530193,0
                107.020918,10.530346,0
                107.021037,10.530465,0
                107.021113,10.530541,0
                107.021281,10.530692,0
                107.021355,10.530756,0
                107.021611,10.530978,0
                107.021813,10.531161,0
                107.022048,10.531379,0
                107.022259,10.531575,0
                107.022425,10.531728,0
                107.022552,10.531843,0
                107.022652,10.531934,0
                107.022735,10.532011,0
                107.022825,10.532096,0
                107.022948,10.53221,0
                107.023116,10.532366,0
                107.023251,10.532495,0
                107.023347,10.532593,0
                107.023451,10.532702,0
                107.023602,10.532851,0
                107.023786,10.533027,0
                107.023925,10.533163,0
                107.024015,10.533258,0
                107.02409,10.533343,0
                107.024146,10.533442,0
                107.024153,10.533595,0
                107.024181,10.533748,0
                107.02432,10.533783,0
                107.02445,10.533781,0
                107.024514,10.533812,0
                107.024551,10.533849,0
                107.024579,10.53388,0
                107.024605,10.533909,0
                107.024631,10.533944,0
                107.024674,10.534,0
                107.024749,10.534081,0
                107.024834,10.534167,0
                107.024912,10.534252,0
                107.025022,10.534388,0
                107.025177,10.534585,0
                107.025307,10.534748,0
                107.025682,10.535286,0
                107.025807,10.535512,0
                107.025906,10.535734,0
                107.025984,10.535956,0
                107.026072,10.536181,0
                107.026224,10.53643,0
                107.026438,10.536722,0
                107.026654,10.537,0
                107.026798,10.53716,0
                107.026891,10.537255,0
                107.02698,10.53738,0
                107.027069,10.537535,0
                107.027147,10.537691,0
                107.027211,10.537834,0
                107.027268,10.537987,0
                107.027336,10.538186,0
                107.027402,10.53838,0
                107.027445,10.538509,0
                107.027475,10.5386,0
                107.027507,10.538707,0
                107.027555,10.538906,0
                107.027641,10.539405,0
                107.027653,10.539716,0
                107.027667,10.540073,0
                107.027677,10.540328,0
                107.027566,10.54126,0
                107.027452,10.541771,0
                107.027396,10.541982,0
                107.027351,10.542123,0
                107.027308,10.542226,0
                107.027268,10.542304,0
                107.027227,10.542406,0
                107.027186,10.542531,0
                107.027154,10.542628,0
                107.027129,10.542695,0
                107.027101,10.54276,0
                107.02707,10.542832,0
                107.027036,10.542907,0
                107.027002,10.542984,0
                107.026972,10.543068,0
                107.026955,10.543173,0
                107.026942,10.543303,0
                107.026921,10.543453,0
                107.026894,10.543597,0
                107.026864,10.543707,0
                107.026831,10.543789,0
                107.0268,10.543858,0
                107.026777,10.543907,0
                107.026761,10.543944,0
                107.026739,10.544023,0
                107.026652,10.544278,0
                107.02639,10.544711,0
                107.025973,10.545056,0
                107.025627,10.545241,0
                107.025622,10.545244,0
                107.025399,10.545359,0
                107.025245,10.54543,0
                107.025104,10.54548,0
                107.024949,10.545527,0
                107.024797,10.545576,0
                107.024645,10.545663,0
                107.024405,10.545881,0
                107.023957,10.546173,0
                107.023401,10.546308,0
                107.022966,10.546345,0
                107.022657,10.546395,0
                107.022395,10.546452,0
                107.02215,10.546511,0
                107.021902,10.546571,0
                107.021644,10.546619,0
                107.021364,10.546648,0
                107.021178,10.546664,0
                107.021109,10.546669,0
                107.020922,10.546694,0
                107.020751,10.546728,0
                107.02054,10.546774,0
                107.0203,10.546831,0
                107.020053,10.546898,0
                107.019783,10.546976,0
                107.019528,10.54705,0
                107.01936,10.547088,0
                107.019234,10.5471,0
                107.019073,10.547113,0
                107.018834,10.547149,0
                107.018548,10.547208,0
                107.018321,10.547253,0
                107.018187,10.547283,0
                107.018103,10.547307,0
                107.018031,10.547328,0
                107.017948,10.54735,0
                107.017843,10.547366,0
                107.017701,10.547384,0
                107.017538,10.547408,0
                107.017365,10.547432,0
                107.017163,10.547476,0
                107.016941,10.547539,0
                107.016791,10.547578,0
                107.016724,10.54759,0
                107.016661,10.547596,0
                107.016543,10.547612,0
                107.01635,10.547657,0
                107.016123,10.547727,0
                107.015948,10.547784,0
                107.015821,10.547823,0
                107.015702,10.547863,0
                107.015561,10.547911,0
                107.015402,10.547963,0
                107.015238,10.548015,0
                107.015063,10.548068,0
                107.014838,10.548151,0
                107.014543,10.548286,0
                107.014273,10.548421,0
                107.014124,10.548501,0
                107.014056,10.548543,0
                107.01401,10.548578,0
                107.013963,10.548616,0
                107.013899,10.548669,0
                107.013787,10.548751,0
                107.013629,10.548859,0
                107.013489,10.548962,0
                107.013342,10.549071,0
                107.013168,10.549196,0
                107.013152,10.549208,0
                107.012969,10.549353,0
                107.012823,10.549489,0
                107.012703,10.549612,0
                107.0126,10.54973,0
                107.012483,10.549887,0
                107.012325,10.550127,0
                107.012167,10.550366,0
                107.012052,10.550527,0
                107.011955,10.550678,0
                107.011853,10.550858,0
                107.011768,10.551007,0
                107.011693,10.551154,0
                107.011613,10.551337,0
                107.011546,10.551518,0
                107.011491,10.551704,0
                107.01144,10.551887,0
                107.011387,10.552086,0
                107.011323,10.552344,0
                107.011317,10.552373,0
                107.011262,10.552637,0
                107.011222,10.552905,0
                107.011184,10.553176,0
                107.011141,10.553481,0
                107.01111,10.553784,0
                107.011073,10.554064,0
                107.011008,10.554354,0
                107.010934,10.554688,0
                107.010888,10.555039,0
                107.010882,10.555381,0
                107.010888,10.555769,0
                107.010889,10.556278,0
                107.010906,10.556862,0
                107.010938,10.557352,0
                107.010973,10.557627,0
                107.011024,10.557787,0
                107.011104,10.557976,0
                107.011199,10.558199,0
                107.011277,10.558375,0
                107.011336,10.558519,0
                107.01139,10.558675,0
                107.011424,10.558771,0
                107.011442,10.558809,0
                107.011455,10.55883,0
                107.011464,10.558844,0
                107.011475,10.558861,0
                107.011503,10.558912,0
                107.011574,10.559056,0
                107.011694,10.559314,0
                107.01182,10.559604,0
                107.011878,10.559736,0
                107.012168,10.560364,0
                107.012201,10.560433,0
                107.012252,10.560537,0
                107.012277,10.560587,0
                107.012312,10.560652,0
                107.01237,10.560756,0
                107.012428,10.560861,0
                107.012462,10.560924,0
                107.012481,10.560961,0
                107.012508,10.561007,0
                107.012562,10.561104,0
                107.012646,10.561266,0
                107.012739,10.561454,0
                107.012819,10.561618,0
                107.012879,10.561742,0
                107.012937,10.561859,0
                107.013006,10.562001,0
                107.0131,10.562193,0
                107.013212,10.5624,0
                107.013344,10.562605,0
                107.013501,10.56282,0
                107.013666,10.563052,0
                107.01379,10.563255,0
                107.01386,10.563391,0
                107.01394,10.563561,0
                107.014063,10.563837,0
                107.014173,10.564112,0
                107.014245,10.564307,0
                107.0143,10.564436,0
                107.014381,10.564603,0
                107.0145,10.564842,0
                107.014515,10.564871,0
                107.014601,10.565035,0
                107.01468,10.565162,0
                107.014772,10.565289,0
                107.014927,10.565488,0
                107.015156,10.565786,0
                107.015403,10.566117,0
                107.015655,10.566452,0
                107.015709,10.56652,0
                107.015915,10.566779,0
                107.01614,10.567043,0
                107.016301,10.567219,0
                107.016321,10.56724,0
                107.016465,10.567387,0
                107.016566,10.567485,0
                107.016617,10.567534,0
                107.016636,10.567558,0
                107.016646,10.567576,0
                107.016656,10.567609,0
                107.016678,10.567712,0
                107.016679,10.567715,0
                107.016724,10.567887,0
                107.016786,10.568027,0
                107.016858,10.568118,0
                107.01694,10.568209,0
                107.01702,10.568302,0
                107.017082,10.568378,0
                107.01712,10.568428,0
                107.017161,10.568486,0
                107.017264,10.568639,0
                107.017436,10.568914,0
                107.017586,10.569185,0
                107.017683,10.569365,0
                107.01775,10.56945,0
                107.017806,10.569484,0
                107.017863,10.569508,0
                107.017926,10.569538,0
                107.017994,10.569576,0
                107.018052,10.569611,0
                107.018087,10.569637,0
                107.018132,10.569687,0
                107.018203,10.569782,0
                107.018245,10.56984,0
                107.01869,10.570454,0
                107.018717,10.570491,0
                107.018819,10.570687,0
                107.018953,10.571045,0
                107.0191,10.571369,0
                107.019331,10.571522,0
                107.019515,10.571601,0
                107.019529,10.571606,0
                107.019702,10.571785,0
                107.019763,10.571862,0
                107.020155,10.572348,0
                107.0202,10.572402,0
                107.020328,10.572555,0
                107.020375,10.572616,0
                107.020405,10.572661,0
                107.020442,10.572716,0
                107.020504,10.572804,0
                107.020633,10.57296,0
                107.020809,10.573161,0
                107.020926,10.573299,0
                107.020984,10.573379,0
                107.021035,10.573457,0
                107.021084,10.573533,0
                107.021128,10.5736,0
                107.021137,10.573613,0
                107.021168,10.573662,0
                107.021214,10.573734,0
                107.021258,10.573808,0
                107.021296,10.573879,0
                107.021327,10.573947,0
                107.021358,10.574018,0
                107.021391,10.574093,0
                107.021422,10.574163,0
                107.021451,10.574223,0
                107.021534,10.574361,0
                107.021569,10.574414,0
                107.021632,10.574497,0
                107.021649,10.574507,0
                107.021671,10.574526,0
                107.021683,10.57454,0
                107.021778,10.574665,0
                107.021791,10.574684,0
                107.021803,10.574701,0
                107.021821,10.574725,0
                107.021852,10.57477,0
                107.021926,10.574875,0
                107.02202,10.57501,0
                107.022119,10.575153,0
                107.022222,10.575303,0
                107.022322,10.575449,0
                107.022407,10.575576,0
                107.022489,10.575697,0
                107.022567,10.575813,0
                107.022623,10.575894,0
                107.022666,10.57596,0
                107.022724,10.576048,0
                107.022807,10.576171,0
                107.0229,10.576306,0
                107.022961,10.576396,0
                107.023003,10.576459,0
                107.023058,10.576543,0
                107.023099,10.576603,0
                107.02314,10.576664,0
                107.023229,10.576794,0
                107.02329,10.576882,0
                107.023347,10.576968,0
                107.023427,10.577088,0
                107.023513,10.577216,0
                107.023595,10.577344,0
                107.023651,10.577439,0
                107.023688,10.577507,0
                107.023748,10.577601,0
                107.023853,10.577756,0
                107.023978,10.577954,0
                107.024001,10.577997,0
                107.024085,10.578153,0
                107.024163,10.578314,0
                107.024216,10.578428,0
                107.024252,10.5785,0
                107.02428,10.578551,0
                107.024308,10.578597,0
                107.024336,10.578642,0
                107.024365,10.578689,0
                107.024402,10.578743,0
                107.024449,10.578813,0
                107.024515,10.578929,0
                107.024596,10.579084,0
                107.024668,10.579218,0
                107.024738,10.579355,0
                107.024816,10.579514,0
                107.024874,10.579633,0
                107.02491,10.579704,0
                107.024939,10.579763,0
                107.024963,10.579814,0
                107.024984,10.57986,0
                107.025001,10.579901,0
                107.025006,10.579911,0
                107.025031,10.579969,0
                107.02506,10.580034,0
                107.025088,10.580098,0
                107.025115,10.580161,0
                107.025144,10.580229,0
                107.025171,10.580294,0
                107.025192,10.580346,0
                107.025201,10.580371,0
                107.025204,10.580377,0
                107.025207,10.580384,0
                107.025217,10.580401,0
                107.025238,10.580435,0
                107.025263,10.58048,0
                107.025294,10.580532,0
                107.025348,10.580609,0
                107.025439,10.580727,0
                107.025537,10.580867,0
                107.02554,10.580871,0
                107.025622,10.581013,0
                107.025687,10.581141,0
                107.025741,10.581257,0
                107.025785,10.58135,0
                107.025827,10.581422,0
                107.025862,10.581479,0
                107.025895,10.581531,0
                107.02594,10.581622,0
                107.025991,10.581747,0
                107.026026,10.581838,0
                107.026026,10.581839,0
                107.026062,10.581937,0
                107.026117,10.582096,0
                107.026162,10.582237,0
                107.026168,10.582258,0
                107.026204,10.582376,0
                107.026229,10.582452,0
                107.026252,10.582519,0
                107.026289,10.582616,0
                107.026357,10.582751,0
                107.026394,10.582799,0
                107.026478,10.582907,0
                107.026581,10.583092,0
                107.02656,10.583262,0
                107.026557,10.583287,0
                107.026515,10.583421,0
                107.026517,10.583496,0
                107.02653,10.583537,0
                107.026545,10.583565,0
                107.026561,10.583598,0
                107.026577,10.583646,0
                107.026592,10.583707,0
                107.026603,10.583762,0
                107.026615,10.583815,0
                107.02663,10.58388,0
                107.026645,10.583948,0
                107.026661,10.584011,0
                107.026676,10.584066,0
                107.02669,10.584117,0
                107.026703,10.584163,0
                107.026715,10.584204,0
                107.026711,10.584253,0
                107.026669,10.584349,0
                107.026648,10.584474,0
                107.026735,10.584547,0
                107.026822,10.584633,0
                107.026853,10.584847,0
                107.026862,10.584909,0
                107.02687,10.584962,0
                107.026926,10.585645,0
                107.026928,10.585672,0
                107.026979,10.58633,0
                107.026985,10.586413,0
                107.027003,10.586664,0
                107.027006,10.586758,0
                107.027002,10.586804,0
                107.026997,10.586865,0
                107.026989,10.58697,0
                107.026974,10.587111,0
                107.026959,10.587237,0
                107.026948,10.587304,0
                107.026939,10.587341,0
                107.026933,10.58742,0
                107.026938,10.587688,0
                107.0269,10.588013,0
                107.026879,10.588195,0
                107.026839,10.588298,0
                107.02669,10.588675,0
                107.026513,10.588947,0
                107.026411,10.589087,0
                107.02633,10.589201,0
                107.026253,10.589313,0
                107.02616,10.589457,0
                107.026034,10.589662,0
                107.025889,10.589893,0
                107.025764,10.590083,0
                107.025636,10.590271,0
                107.025584,10.590347,0
                107.025344,10.590698,0
                107.025313,10.590744,0
                107.025151,10.590988,0
                107.025006,10.591201,0
                107.024873,10.591405,0
                107.024821,10.59148,0
                107.024723,10.591622,0
                107.024548,10.59182,0
                107.024418,10.591941,0
                107.024132,10.592151,0
                107.024055,10.592179,0
                107.024031,10.59217,0
                107.02396,10.592125,0
                107.023879,10.59213,0
                107.02387,10.592278,0
                107.023882,10.592413,0
                107.023856,10.592485,0
                107.0238,10.592558,0
                107.023744,10.592628,0
                107.023703,10.59268,0
                107.023673,10.592726,0
                107.02364,10.592787,0
                107.023602,10.592862,0
                107.023565,10.592939,0
                107.023533,10.593016,0
                107.023504,10.593093,0
                107.023473,10.593174,0
                107.023437,10.593261,0
                107.0234,10.593349,0
                107.023366,10.59343,0
                107.023337,10.593501,0
                107.023311,10.593565,0
                107.023281,10.593625,0
                107.023242,10.593687,0
                107.023208,10.593757,0
                107.023201,10.593827,0
                107.023198,10.59385,0
                107.023215,10.593991,0
                107.023185,10.594129,0
                107.023057,10.594167,0
                107.022956,10.594159,0
                107.022916,10.594178,0
                107.022869,10.59426,0
                107.022785,10.594426,0
                107.022683,10.594598,0
                107.022559,10.594686,0
                107.022471,10.594757,0
                107.022446,10.594777,0
                107.022443,10.594797,0
                107.022413,10.594982,0
                107.022394,10.595191,0
                107.022349,10.595333,0
                107.022304,10.59543,0
                107.022268,10.595503,0
                107.022238,10.595562,0
                107.022212,10.595607,0
                107.022195,10.595632,0
                107.022147,10.595725,0
                107.022114,10.595758,0
                107.022091,10.595797,0
                107.02201,10.595956,0
                107.021884,10.596215,0
                107.021798,10.59638,0
                107.021763,10.596432,0
                107.021744,10.596453,0
                107.02173,10.596471,0
                107.021719,10.596489,0
                107.021712,10.596511,0
                107.021709,10.596537,0
                107.021707,10.596557,0
                107.021705,10.596599,0
                107.021411,10.597238,0
                107.021405,10.597252,0
                107.021393,10.59727,0
                107.021377,10.59729,0
                107.021352,10.597336,0
                107.021309,10.597428,0
                107.021256,10.597552,0
                107.021206,10.597683,0
                107.021166,10.597791,0
                107.021138,10.597863,0
                107.021107,10.597925,0
                107.021073,10.597988,0
                107.021044,10.598043,0
                107.021013,10.598102,0
                107.020968,10.598184,0
                107.020935,10.598247,0
                107.020903,10.598308,0
                107.020827,10.598459,0
                107.020753,10.598602,0
                107.020678,10.598745,0
                107.020587,10.59887,0
                107.02044,10.598947,0
                107.020299,10.598999,0
                107.020274,10.599113,0
                107.020297,10.599212,0
                107.020303,10.599262,0
                107.020293,10.599343,0
                107.020271,10.599506,0
                107.020249,10.599732,0
                107.020232,10.599915,0
                107.020227,10.599965,0
                107.020185,10.600168,0
                107.020121,10.600354,0
                107.02006,10.600527,0
                107.02,10.600707,0
                107.019937,10.60089,0
                107.019881,10.601061,0
                107.019834,10.601248,0
                107.019795,10.601469,0
                107.019769,10.601662,0
                107.019757,10.601768,0
                107.019752,10.60185,0
                107.019758,10.601994,0
                107.019809,10.602258,0
                107.019828,10.602464,0
                107.019844,10.602642,0
                107.019761,10.602997,0
                107.019662,10.603199,0
                107.019611,10.603299,0
                107.019579,10.603373,0
                107.019557,10.603438,0
                107.019545,10.603512,0
                107.019539,10.603592,0
                107.019504,10.60367,0
                107.019416,10.603748,0
                107.019308,10.603837,0
                107.019279,10.603869,0
                107.019211,10.603945,0
              </coordinates>
            </LinearRing>
          </outerBoundaryIs>
        </Polygon>
      </MultiGeometry>
    </Placemark>
    <Placemark>
      <name>An Thới Đông</name>
      <description><![CDATA[description: Mã phường/xã: 27673<br>             Tên phường/xã: An Thới Đông<br>             Loại: Xã<br>             Cấp: 2<br>             STT: 149<br>             Mã tỉnh/thành: 79<br>             Tên tỉnh/thành: TP. Hồ Chí Minh<br>ma_xa: 27673<br>ten_xa: An Thới Đông<br>sap_nhap: Lý Nhơn, An Thới Đông (1 phần)<br>tru_so: Trụ sở UBND xã An Thới Đông cũ, ấp An Hòa 1, huyện Cần Giờ cũ<br>loai: Xã<br>cap: 2<br>stt: 149<br>dtich_km2: 257.85<br>dan_so: 22607<br>matdo_km2: 87.68<br>ma_tinh: 79<br>ten_tinh: TP. Hồ Chí Minh<br>desc: Mã phường/xã: 27673<br><br>            Tên phường/xã: An Thới Đông<br><br>            Loại: Xã<br><br>            Cấp: 2<br><br>            STT: 149<br><br>            Mã tỉnh/thành: 79<br><br>            Tên tỉnh/thành: TP. Hồ Chí Minh<br>_styleId: style-79<br>GIÁO XỨ/ DÒNG: ]]></description>
      <styleUrl>#poly-851AE4-2000-163</styleUrl>
      <ExtendedData>
        <Data name="description">
          <value>Mã phường/xã: 27673
             Tên phường/xã: An Thới Đông
             Loại: Xã
             Cấp: 2
             STT: 149
             Mã tỉnh/thành: 79
             Tên tỉnh/thành: TP. Hồ Chí Minh</value>
        </Data>
        <Data name="ma_xa">
          <value>27673</value>
        </Data>
        <Data name="ten_xa">
          <value>An Thới Đông</value>
        </Data>
        <Data name="sap_nhap">
          <value>Lý Nhơn, An Thới Đông (1 phần)</value>
        </Data>
        <Data name="tru_so">
          <value>Trụ sở UBND xã An Thới Đông cũ, ấp An Hòa 1, huyện Cần Giờ cũ</value>
        </Data>
        <Data name="loai">
          <value>Xã</value>
        </Data>
        <Data name="cap">
          <value>2</value>
        </Data>
        <Data name="stt">
          <value>149</value>
        </Data>
        <Data name="dtich_km2">
          <value>257.85</value>
        </Data>
        <Data name="dan_so">
          <value>22607</value>
        </Data>
        <Data name="matdo_km2">
          <value>87.68</value>
        </Data>
        <Data name="ma_tinh">
          <value>79</value>
        </Data>
        <Data name="ten_tinh">
          <value>TP. Hồ Chí Minh</value>
        </Data>
        <Data name="desc">
          <value><![CDATA[Mã phường/xã: 27673<br>
            Tên phường/xã: An Thới Đông<br>
            Loại: Xã<br>
            Cấp: 2<br>
            STT: 149<br>
            Mã tỉnh/thành: 79<br>
            Tên tỉnh/thành: TP. Hồ Chí Minh]]></value>
        </Data>
        <Data name="_styleId">
          <value>style-79</value>
        </Data>
        <Data name="GIÁO XỨ/ DÒNG">
          <value/>
        </Data>
      </ExtendedData>
      <Polygon>
        <outerBoundaryIs>
          <LinearRing>
            <tessellate>1</tessellate>
            <coordinates>
              106.817922,10.60184,0
              106.81743,10.602129,0
              106.817065,10.602419,0
              106.816825,10.602697,0
              106.816634,10.603158,0
              106.816578,10.60355,0
              106.816668,10.604057,0
              106.816961,10.604581,0
              106.817234,10.604953,0
              106.817722,10.605687,0
              106.818243,10.60709,0
              106.818384,10.608065,0
              106.818282,10.608735,0
              106.81786,10.609322,0
              106.817378,10.609669,0
              106.81678,10.609816,0
              106.816277,10.609809,0
              106.81557,10.60966,0
              106.814861,10.609176,0
              106.814296,10.608481,0
              106.813368,10.606908,0
              106.81252,10.605736,0
              106.812022,10.604964,0
              106.81173,10.604669,0
              106.813277,10.604181,0
              106.814324,10.603514,0
              106.81461,10.60261,0
              106.814943,10.601325,0
              106.814753,10.599802,0
              106.814657,10.598755,0
              106.814277,10.597804,0
              106.813515,10.597471,0
              106.812183,10.596995,0
              106.81066,10.596614,0
              106.808661,10.596281,0
              106.807091,10.595995,0
              106.806186,10.595757,0
              106.805473,10.594948,0
              106.804521,10.594948,0
              106.802427,10.595472,0
              106.8,10.595472,0
              106.798429,10.595519,0
              106.797906,10.594663,0
              106.797192,10.593568,0
              106.796716,10.593092,0
              106.79467,10.59314,0
              106.792148,10.593664,0
              106.789959,10.593902,0
              106.785771,10.593902,0
              106.783324,10.593433,0
              106.783635,10.592184,0
              106.783668,10.587519,0
              106.783613,10.585541,0
              106.782944,10.583041,0
              106.781677,10.580523,0
              106.780396,10.578956,0
              106.77937,10.578281,0
              106.777572,10.57732,0
              106.774855,10.576521,0
              106.772628,10.576382,0
              106.770803,10.57674,0
              106.767115,10.578284,0
              106.759987,10.58058,0
              106.757274,10.581103,0
              106.753912,10.58092,0
              106.751779,10.580416,0
              106.750965,10.580059,0
              106.749791,10.579532,0
              106.749212,10.579109,0
              106.748325,10.578349,0
              106.747419,10.577465,0
              106.746659,10.576599,0
              106.745965,10.575886,0
              106.745686,10.575599,0
              106.745427,10.57526,0
              106.744713,10.574319,0
              106.74301,10.571721,0
              106.742721,10.571182,0
              106.742623,10.570881,0
              106.742551,10.570593,0
              106.741947,10.568906,0
              106.741685,10.567059,0
              106.741744,10.565505,0
              106.74181,10.56375,0
              106.741841,10.563562,0
              106.741965,10.562817,0
              106.742507,10.55955,0
              106.742871,10.557721,0
              106.743736,10.553372,0
              106.743807,10.553014,0
              106.743839,10.552856,0
              106.744265,10.550306,0
              106.744413,10.549418,0
              106.745285,10.545839,0
              106.745539,10.544464,0
              106.745886,10.542588,0
              106.746091,10.541478,0
              106.746611,10.538664,0
              106.747771,10.532824,0
              106.747831,10.532126,0
              106.748038,10.529721,0
              106.748095,10.529063,0
              106.748259,10.527153,0
              106.748329,10.525751,0
              106.748357,10.525201,0
              106.748297,10.523153,0
              106.748171,10.520914,0
              106.747875,10.518274,0
              106.747379,10.515634,0
              106.746696,10.513115,0
              106.746395,10.512301,0
              106.745788,10.510275,0
              106.745674,10.509893,0
              106.74547,10.509213,0
              106.745259,10.508508,0
              106.745032,10.507749,0
              106.744626,10.506285,0
              106.744314,10.505162,0
              106.744019,10.504101,0
              106.743898,10.503628,0
              106.743836,10.503348,0
              106.743545,10.502021,0
              106.743105,10.500021,0
              106.742876,10.49898,0
              106.742866,10.49888,0
              106.742453,10.494607,0
              106.742368,10.493243,0
              106.742681,10.490312,0
              106.742686,10.49026,0
              106.742759,10.489574,0
              106.743006,10.488616,0
              106.743254,10.487656,0
              106.745234,10.482911,0
              106.746747,10.47995,0
              106.746924,10.479602,0
              106.747303,10.47886,0
              106.748674,10.476177,0
              106.750006,10.473569,0
              106.750519,10.471879,0
              106.751151,10.469798,0
              106.751452,10.468808,0
              106.751779,10.467732,0
              106.754751,10.463394,0
              106.761415,10.453668,0
              106.76223,10.452226,0
              106.762866,10.451099,0
              106.763279,10.450586,0
              106.765998,10.447212,0
              106.770349,10.441814,0
              106.772735,10.438853,0
              106.77362,10.43785,0
              106.77369,10.437771,0
              106.773695,10.437765,0
              106.777226,10.433767,0
              106.780754,10.429772,0
              106.783029,10.427786,0
              106.784338,10.426645,0
              106.787333,10.42403,0
              106.79079,10.421013,0
              106.79087,10.420943,0
              106.795583,10.41683,0
              106.79755,10.415113,0
              106.7979,10.414808,0
              106.798772,10.414047,0
              106.800122,10.412868,0
              106.800458,10.412575,0
              106.802572,10.410518,0
              106.802615,10.410476,0
              106.803358,10.409753,0
              106.805358,10.407808,0
              106.805956,10.406495,0
              106.806379,10.404532,0
              106.806431,10.402595,0
              106.806444,10.402115,0
              106.806494,10.400263,0
              106.806516,10.399439,0
              106.806638,10.399016,0
              106.806692,10.398829,0
              106.806785,10.398582,0
              106.8069,10.398276,0
              106.806905,10.398264,0
              106.807598,10.396421,0
              106.807813,10.395847,0
              106.823309,10.396797,0
              106.828644,10.397124,0
              106.829375,10.397169,0
              106.829765,10.397006,0
              106.829925,10.396939,0
              106.830143,10.396848,0
              106.83025,10.396803,0
              106.830378,10.396732,0
              106.831153,10.396298,0
              106.831436,10.396166,0
              106.831525,10.396125,0
              106.831672,10.396097,0
              106.832183,10.395999,0
              106.832458,10.396012,0
              106.832797,10.396136,0
              106.833075,10.396118,0
              106.833164,10.396086,0
              106.83383,10.395977,0
              106.834193,10.396006,0
              106.83456,10.396036,0
              106.834576,10.396037,0
              106.834932,10.396066,0
              106.836329,10.396537,0
              106.836385,10.396555,0
              106.836696,10.396665,0
              106.837111,10.396812,0
              106.837237,10.396856,0
              106.837589,10.396981,0
              106.837876,10.397082,0
              106.838288,10.397284,0
              106.838421,10.397405,0
              106.838447,10.397471,0
              106.83846,10.397504,0
              106.838535,10.397612,0
              106.83858,10.397678,0
              106.838761,10.397938,0
              106.83917,10.398109,0
              106.839797,10.398373,0
              106.839856,10.398432,0
              106.84012,10.3987,0
              106.840124,10.398703,0
              106.84038,10.398962,0
              106.840952,10.399893,0
              106.840966,10.399916,0
              106.840991,10.399929,0
              106.841005,10.399936,0
              106.841491,10.400194,0
              106.841896,10.400408,0
              106.842245,10.400595,0
              106.842259,10.400602,0
              106.843661,10.401354,0
              106.844649,10.401846,0
              106.845076,10.402016,0
              106.845554,10.402086,0
              106.845835,10.402279,0
              106.845874,10.402291,0
              106.846069,10.402353,0
              106.846192,10.402347,0
              106.846281,10.40228,0
              106.846282,10.40228,0
              106.8463,10.402266,0
              106.846411,10.402237,0
              106.846521,10.402256,0
              106.846636,10.402328,0
              106.846686,10.402432,0
              106.846684,10.402447,0
              106.84668,10.402479,0
              106.84667,10.402555,0
              106.846675,10.402724,0
              106.846762,10.402854,0
              106.846789,10.402894,0
              106.846865,10.402922,0
              106.846923,10.402922,0
              106.846945,10.402879,0
              106.846961,10.402847,0
              106.846997,10.402724,0
              106.847051,10.402676,0
              106.847079,10.402679,0
              106.847189,10.402689,0
              106.847298,10.402703,0
              106.847353,10.402711,0
              106.847443,10.402764,0
              106.847785,10.402966,0
              106.848056,10.403111,0
              106.848233,10.403256,0
              106.84832,10.403327,0
              106.84845,10.403433,0
              106.84863,10.403538,0
              106.848721,10.403544,0
              106.848754,10.403546,0
              106.848812,10.403545,0
              106.848827,10.403545,0
              106.848888,10.403497,0
              106.848906,10.40343,0
              106.848915,10.403398,0
              106.848961,10.403343,0
              106.849017,10.403336,0
              106.849141,10.403392,0
              106.849299,10.403534,0
              106.849469,10.403778,0
              106.849511,10.403833,0
              106.849586,10.403932,0
              106.849661,10.40403,0
              106.849683,10.404067,0
              106.849746,10.404167,0
              106.849812,10.404272,0
              106.850009,10.404477,0
              106.850118,10.404536,0
              106.850147,10.404536,0
              106.85016,10.404564,0
              106.850221,10.40457,0
              106.85026,10.404541,0
              106.85033,10.40442,0
              106.850332,10.404419,0
              106.850366,10.404404,0
              106.85038,10.404398,0
              106.85046,10.404398,0
              106.850562,10.404498,0
              106.850579,10.404526,0
              106.850604,10.404567,0
              106.850694,10.404712,0
              106.85079,10.404898,0
              106.85087,10.404989,0
              106.850933,10.405004,0
              106.851002,10.404996,0
              106.851011,10.404989,0
              106.851058,10.404954,0
              106.851116,10.404844,0
              106.851125,10.404828,0
              106.851177,10.404809,0
              106.851317,10.404759,0
              106.851473,10.404761,0
              106.851536,10.404767,0
              106.851764,10.404933,0
              106.852006,10.40519,0
              106.852026,10.405211,0
              106.852117,10.405307,0
              106.852184,10.405329,0
              106.852241,10.405322,0
              106.85225,10.405318,0
              106.852334,10.405278,0
              106.852392,10.405271,0
              106.857371,10.40603,0
              106.858462,10.406197,0
              106.864325,10.407091,0
              106.86409,10.408214,0
              106.863145,10.411302,0
              106.863006,10.411881,0
              106.862737,10.413356,0
              106.86241,10.414449,0
              106.861808,10.415615,0
              106.861695,10.416175,0
              106.861742,10.41672,0
              106.861674,10.417424,0
              106.861431,10.417985,0
              106.860785,10.41918,0
              106.859694,10.420851,0
              106.859508,10.421354,0
              106.859453,10.421871,0
              106.859399,10.42256,0
              106.859244,10.423264,0
              106.858235,10.426729,0
              106.858027,10.428337,0
              106.858077,10.429456,0
              106.858242,10.430331,0
              106.858351,10.431507,0
              106.858413,10.432281,0
              106.858605,10.432926,0
              106.858886,10.433828,0
              106.859064,10.434444,0
              106.859298,10.434831,0
              106.859783,10.435918,0
              106.860504,10.437665,0
              106.861558,10.439481,0
              106.861898,10.440527,0
              106.86228,10.441386,0
              106.863552,10.443172,0
              106.864826,10.445231,0
              106.865254,10.44652,0
              106.865302,10.447309,0
              106.865252,10.448659,0
              106.865417,10.449533,0
              106.865624,10.450206,0
              106.866035,10.451036,0
              106.866503,10.451737,0
              106.868682,10.454152,0
              106.869996,10.455555,0
              106.871441,10.456814,0
              106.871964,10.457385,0
              106.872318,10.458053,0
              106.872869,10.459281,0
              106.87303,10.459878,0
              106.873,10.460907,0
              106.872932,10.461697,0
              106.872816,10.462535,0
              106.872665,10.46348,0
              106.87251,10.463852,0
              106.871923,10.464621,0
              106.870504,10.465789,0
              106.868602,10.466936,0
              106.866675,10.46806,0
              106.865027,10.469146,0
              106.863885,10.470145,0
              106.862855,10.471742,0
              106.862251,10.473754,0
              106.861912,10.47567,0
              106.861978,10.476554,0
              106.862127,10.477271,0
              106.862314,10.478179,0
              106.862461,10.478572,0
              106.863021,10.479358,0
              106.863508,10.479966,0
              106.865157,10.482862,0
              106.866184,10.484829,0
              106.866674,10.48607,0
              106.866985,10.487479,0
              106.867075,10.48834,0
              106.867031,10.48907,0
              106.866746,10.490608,0
              106.866077,10.492324,0
              106.86564,10.49312,0
              106.865125,10.493673,0
              106.864632,10.494154,0
              106.863803,10.49465,0
              106.864303,10.495426,0
              106.864682,10.495887,0
              106.86514,10.496445,0
              106.865439,10.496754,0
              106.865519,10.496835,0
              106.865943,10.497117,0
              106.866502,10.497391,0
              106.867116,10.49759,0
              106.867975,10.497764,0
              106.869113,10.498045,0
              106.870045,10.49841,0
              106.870712,10.498777,0
              106.870999,10.49898,0
              106.871364,10.499369,0
              106.871644,10.499607,0
              106.872177,10.500192,0
              106.872431,10.50054,0
              106.872504,10.500661,0
              106.872785,10.501167,0
              106.872839,10.501276,0
              106.873225,10.502242,0
              106.873257,10.502351,0
              106.873278,10.502461,0
              106.873293,10.502576,0
              106.873303,10.502689,0
              106.873316,10.502918,0
              106.873321,10.503125,0
              106.87332,10.503307,0
              106.873314,10.503416,0
              106.873296,10.503542,0
              106.873268,10.503666,0
              106.873235,10.503798,0
              106.873189,10.503964,0
              106.873119,10.504144,0
              106.873034,10.504301,0
              106.872939,10.504461,0
              106.87282,10.504653,0
              106.872668,10.504839,0
              106.8725,10.504999,0
              106.872333,10.505148,0
              106.871922,10.505466,0
              106.871448,10.505782,0
              106.87141,10.505804,0
              106.871047,10.506013,0
              106.870828,10.506126,0
              106.870588,10.506232,0
              106.870164,10.506378,0
              106.86991,10.506487,0
              106.86967,10.506596,0
              106.86947,10.506683,0
              106.868978,10.506889,0
              106.868896,10.506919,0
              106.867823,10.507503,0
              106.867744,10.507549,0
              106.867668,10.507589,0
              106.867561,10.507663,0
              106.867455,10.507755,0
              106.867262,10.50794,0
              106.867182,10.508024,0
              106.867118,10.508104,0
              106.867061,10.50819,0
              106.867008,10.508284,0
              106.866925,10.508458,0
              106.866864,10.508593,0
              106.866846,10.508656,0
              106.866828,10.508875,0
              106.866825,10.508969,0
              106.866836,10.509166,0
              106.866884,10.509401,0
              106.866909,10.509503,0
              106.866948,10.509606,0
              106.866991,10.509695,0
              106.867066,10.509827,0
              106.867103,10.509888,0
              106.867204,10.510037,0
              106.867269,10.510147,0
              106.867359,10.510261,0
              106.867511,10.510426,0
              106.867762,10.51068,0
              106.867817,10.510732,0
              106.868037,10.510927,0
              106.868132,10.511006,0
              106.868284,10.51112,0
              106.868568,10.511353,0
              106.868772,10.511509,0
              106.868979,10.511662,0
              106.869172,10.511808,0
              106.869461,10.512042,0
              106.869613,10.512176,0
              106.869736,10.512315,0
              106.869831,10.51245,0
              106.869925,10.51259,0
              106.869955,10.512632,0
              106.870044,10.512737,0
              106.870196,10.512923,0
              106.870259,10.513013,0
              106.870325,10.513115,0
              106.870385,10.513218,0
              106.870455,10.513347,0
              106.870578,10.513589,0
              106.87065,10.513756,0
              106.870718,10.513941,0
              106.870887,10.514447,0
              106.87092,10.514558,0
              106.870942,10.514653,0
              106.871002,10.514978,0
              106.871025,10.515129,0
              106.871048,10.515323,0
              106.871093,10.515766,0
              106.87111,10.515954,0
              106.87112,10.5161,0
              106.871125,10.51623,0
              106.871145,10.516529,0
              106.871147,10.51666,0
              106.871143,10.516814,0
              106.871124,10.517104,0
              106.87112,10.517232,0
              106.871122,10.517469,0
              106.871134,10.51777,0
              106.871138,10.517856,0
              106.87116,10.518027,0
              106.8712,10.518137,0
              106.871386,10.518512,0
              106.871467,10.518705,0
              106.871792,10.520268,0
              106.872526,10.522881,0
              106.872653,10.523268,0
              106.871437,10.524496,0
              106.870341,10.525786,0
              106.869727,10.526509,0
              106.867828,10.529038,0
              106.866555,10.530746,0
              106.865027,10.532248,0
              106.863678,10.533332,0
              106.861032,10.534998,0
              106.858177,10.536191,0
              106.854573,10.537411,0
              106.852524,10.537997,0
              106.850463,10.538913,0
              106.849438,10.539665,0
              106.848871,10.540573,0
              106.848682,10.540952,0
              106.848345,10.541869,0
              106.848245,10.542715,0
              106.848511,10.543423,0
              106.849788,10.546028,0
              106.850128,10.547102,0
              106.850201,10.548444,0
              106.850115,10.549807,0
              106.849649,10.550772,0
              106.848576,10.551912,0
              106.84711,10.552946,0
              106.844457,10.554418,0
              106.842418,10.555313,0
              106.840937,10.556269,0
              106.83981,10.557122,0
              106.838564,10.558464,0
              106.838027,10.559672,0
              106.83778,10.560793,0
              106.837544,10.563005,0
              106.837526,10.564071,0
              106.837609,10.566097,0
              106.837709,10.567086,0
              106.837945,10.568936,0
              106.838076,10.570385,0
              106.837807,10.571427,0
              106.837099,10.573031,0
              106.836169,10.575211,0
              106.835039,10.577879,0
              106.834615,10.579257,0
              106.83442,10.580126,0
              106.834466,10.581166,0
              106.834691,10.58189,0
              106.835173,10.582768,0
              106.836051,10.583435,0
              106.836931,10.58381,0
              106.840187,10.583855,0
              106.84484,10.583333,0
              106.84658,10.583165,0
              106.849034,10.583038,0
              106.848892,10.586013,0
              106.848816,10.586136,0
              106.848809,10.586399,0
              106.848768,10.587816,0
              106.849363,10.587839,0
              106.849754,10.587855,0
              106.850485,10.587882,0
              106.850653,10.587889,0
              106.850636,10.588166,0
              106.850593,10.589171,0
              106.850579,10.58954,0
              106.850577,10.589582,0
              106.850554,10.590158,0
              106.850525,10.59092,0
              106.850496,10.591043,0
              106.850439,10.591139,0
              106.850346,10.591256,0
              106.850265,10.591331,0
              106.850172,10.591395,0
              106.849894,10.59151,0
              106.849328,10.591755,0
              106.848536,10.592098,0
              106.848216,10.592237,0
              106.847329,10.592613,0
              106.847245,10.592651,0
              106.846763,10.592868,0
              106.846381,10.59303,0
              106.845901,10.593234,0
              106.845762,10.593301,0
              106.845681,10.593373,0
              106.845624,10.593451,0
              106.845418,10.593892,0
              106.845149,10.594429,0
              106.845115,10.594499,0
              106.845092,10.594547,0
              106.844978,10.594544,0
              106.844349,10.594547,0
              106.843116,10.594502,0
              106.842571,10.594482,0
              106.841516,10.594475,0
              106.841247,10.594473,0
              106.840299,10.594466,0
              106.840142,10.594277,0
              106.839917,10.594422,0
              106.839745,10.594532,0
              106.839311,10.594738,0
              106.839144,10.5948,0
              106.838949,10.594872,0
              106.838563,10.595036,0
              106.838395,10.595156,0
              106.838348,10.595287,0
              106.838347,10.595288,0
              106.838336,10.595402,0
              106.838375,10.595472,0
              106.838446,10.595598,0
              106.838459,10.595808,0
              106.838328,10.596101,0
              106.838305,10.596329,0
              106.838306,10.596448,0
              106.838222,10.59655,0
              106.837872,10.596702,0
              106.837535,10.596901,0
              106.837318,10.59704,0
              106.836956,10.59715,0
              106.836691,10.597253,0
              106.836601,10.597385,0
              106.836566,10.597577,0
              106.836598,10.597833,0
              106.836671,10.598018,0
              106.836842,10.598328,0
              106.836928,10.598543,0
              106.836984,10.598776,0
              106.836967,10.598991,0
              106.836889,10.599076,0
              106.836721,10.599322,0
              106.836523,10.599424,0
              106.836263,10.599444,0
              106.836069,10.599433,0
              106.835858,10.599554,0
              106.835763,10.599728,0
              106.835734,10.599919,0
              106.835765,10.600093,0
              106.835905,10.600217,0
              106.836165,10.600353,0
              106.836505,10.600489,0
              106.836796,10.600637,0
              106.836972,10.600761,0
              106.837081,10.60091,0
              106.83718,10.601149,0
              106.837223,10.601382,0
              106.837164,10.601663,0
              106.837063,10.601909,0
              106.836903,10.602104,0
              106.836714,10.602321,0
              106.836458,10.60227,0
              106.836104,10.602148,0
              106.83575,10.601901,0
              106.835471,10.601453,0
              106.835212,10.600876,0
              106.835014,10.600552,0
              106.834801,10.600171,0
              106.834545,10.599939,0
              106.83423,10.599797,0
              106.833867,10.59977,0
              106.833439,10.599808,0
              106.832993,10.600014,0
              106.832674,10.600327,0
              106.832362,10.600723,0
              106.832052,10.601325,0
              106.83193,10.601871,0
              106.831962,10.602387,0
              106.831999,10.602501,0
              106.832071,10.602632,0
              106.832176,10.602877,0
              106.832536,10.603473,0
              106.833073,10.604343,0
              106.8335,10.605076,0
              106.833745,10.605559,0
              106.833806,10.605761,0
              106.833851,10.606096,0
              106.833878,10.60655,0
              106.833832,10.606951,0
              106.833755,10.60734,0
              106.83366,10.607514,0
              106.833389,10.607791,0
              106.832825,10.608356,0
              106.832161,10.608971,0
              106.832028,10.608719,0
              106.831994,10.608656,0
              106.831712,10.608361,0
              106.830858,10.607897,0
              106.830121,10.607471,0
              106.829645,10.60712,0
              106.82942,10.6067,0
              106.829243,10.606156,0
              106.8291,10.604989,0
              106.82904,10.604511,0
              106.828902,10.604082,0
              106.828591,10.603816,0
              106.828242,10.603703,0
              106.827778,10.603753,0
              106.827132,10.604111,0
              106.826326,10.60466,0
              106.82549,10.605095,0
              106.824915,10.605291,0
              106.824277,10.605324,0
              106.823696,10.60525,0
              106.823221,10.60509,0
              106.822862,10.604911,0
              106.822503,10.604693,0
              106.822095,10.604312,0
              106.821744,10.603903,0
              106.821597,10.603502,0
              106.821381,10.603044,0
              106.82108,10.602692,0
              106.820787,10.602349,0
              106.82037,10.602026,0
              106.819634,10.601839,0
              106.81913,10.601727,0
              106.818559,10.601711,0
              106.817922,10.60184,0
            </coordinates>
          </LinearRing>
        </outerBoundaryIs>
      </Polygon>
    </Placemark>
    <Placemark>
      <name>Bình Khánh</name>
      <description><![CDATA[description: Mã phường/xã: 27667<br>             Tên phường/xã: Bình Khánh<br>             Loại: Xã<br>             Cấp: 2<br>             STT: 148<br>             Mã tỉnh/thành: 79<br>             Tên tỉnh/thành: TP. Hồ Chí Minh<br>ma_xa: 27667<br>ten_xa: Bình Khánh<br>sap_nhap: Tam Thôn Hiệp, Bình Khánh, An Thới Đông (1 phần)<br>tru_so: Trụ sở UBND xã Bình Khánh cũ, tọa lạc đường Rừng Sác, ấp Bình An 1, huyện Cần Giờ cũ<br>loai: Xã<br>cap: 2<br>stt: 148<br>dtich_km2: 158.28<br>dan_so: 35482<br>matdo_km2: 224.17<br>ma_tinh: 79<br>ten_tinh: TP. Hồ Chí Minh<br>desc: Mã phường/xã: 27667<br><br>            Tên phường/xã: Bình Khánh<br><br>            Loại: Xã<br><br>            Cấp: 2<br><br>            STT: 148<br><br>            Mã tỉnh/thành: 79<br><br>            Tên tỉnh/thành: TP. Hồ Chí Minh<br>_styleId: style-79<br>GIÁO XỨ/ DÒNG: ]]></description>
      <styleUrl>#poly-A1C2FA-2000-107</styleUrl>
      <ExtendedData>
        <Data name="description">
          <value>Mã phường/xã: 27667
             Tên phường/xã: Bình Khánh
             Loại: Xã
             Cấp: 2
             STT: 148
             Mã tỉnh/thành: 79
             Tên tỉnh/thành: TP. Hồ Chí Minh</value>
        </Data>
        <Data name="ma_xa">
          <value>27667</value>
        </Data>
        <Data name="ten_xa">
          <value>Bình Khánh</value>
        </Data>
        <Data name="sap_nhap">
          <value>Tam Thôn Hiệp, Bình Khánh, An Thới Đông (1 phần)</value>
        </Data>
        <Data name="tru_so">
          <value>Trụ sở UBND xã Bình Khánh cũ, tọa lạc đường Rừng Sác, ấp Bình An 1, huyện Cần Giờ cũ</value>
        </Data>
        <Data name="loai">
          <value>Xã</value>
        </Data>
        <Data name="cap">
          <value>2</value>
        </Data>
        <Data name="stt">
          <value>148</value>
        </Data>
        <Data name="dtich_km2">
          <value>158.28</value>
        </Data>
        <Data name="dan_so">
          <value>35482</value>
        </Data>
        <Data name="matdo_km2">
          <value>224.17</value>
        </Data>
        <Data name="ma_tinh">
          <value>79</value>
        </Data>
        <Data name="ten_tinh">
          <value>TP. Hồ Chí Minh</value>
        </Data>
        <Data name="desc">
          <value><![CDATA[Mã phường/xã: 27667<br>
            Tên phường/xã: Bình Khánh<br>
            Loại: Xã<br>
            Cấp: 2<br>
            STT: 148<br>
            Mã tỉnh/thành: 79<br>
            Tên tỉnh/thành: TP. Hồ Chí Minh]]></value>
        </Data>
        <Data name="_styleId">
          <value>style-79</value>
        </Data>
        <Data name="GIÁO XỨ/ DÒNG">
          <value/>
        </Data>
      </ExtendedData>
      <Polygon>
        <outerBoundaryIs>
          <LinearRing>
            <tessellate>1</tessellate>
            <coordinates>
              106.793347,10.665851,0
              106.790278,10.66867,0
              106.788419,10.669935,0
              106.788007,10.670169,0
              106.785485,10.671606,0
              106.78326,10.672599,0
              106.78212,10.672871,0
              106.781796,10.672948,0
              106.780649,10.673222,0
              106.780604,10.673233,0
              106.779882,10.673361,0
              106.778349,10.673633,0
              106.777619,10.6739,0
              106.776831,10.674303,0
              106.776574,10.674435,0
              106.776463,10.674491,0
              106.772396,10.668144,0
              106.770993,10.666473,0
              106.770279,10.665946,0
              106.769421,10.665477,0
              106.768258,10.665096,0
              106.766937,10.665046,0
              106.764574,10.66539,0
              106.761881,10.666381,0
              106.754751,10.668793,0
              106.753442,10.669272,0
              106.751781,10.669927,0
              106.750333,10.670475,0
              106.749087,10.670827,0
              106.748467,10.670935,0
              106.745675,10.670987,0
              106.743611,10.670367,0
              106.742287,10.669657,0
              106.74065,10.668484,0
              106.740164,10.668123,0
              106.739639,10.667562,0
              106.738919,10.666716,0
              106.738552,10.666044,0
              106.738367,10.665359,0
              106.7383,10.665112,0
              106.73828,10.664036,0
              106.73839,10.662988,0
              106.738958,10.660872,0
              106.73906,10.660525,0
              106.739416,10.659566,0
              106.739585,10.659087,0
              106.739888,10.658474,0
              106.740156,10.658038,0
              106.740697,10.657154,0
              106.743031,10.654367,0
              106.746603,10.651282,0
              106.747217,10.650856,0
              106.749472,10.649866,0
              106.751778,10.649065,0
              106.751781,10.649064,0
              106.754855,10.64791,0
              106.759295,10.646306,0
              106.763781,10.644224,0
              106.767202,10.641956,0
              106.768883,10.640081,0
              106.769794,10.638689,0
              106.770896,10.636912,0
              106.771275,10.635523,0
              106.771552,10.633177,0
              106.771395,10.631121,0
              106.771038,10.627918,0
              106.770452,10.623982,0
              106.770411,10.622279,0
              106.770476,10.619484,0
              106.770915,10.616583,0
              106.772033,10.613686,0
              106.775838,10.607924,0
              106.778845,10.603956,0
              106.780176,10.60179,0
              106.782542,10.596585,0
              106.783324,10.593433,0
              106.785771,10.593902,0
              106.789959,10.593902,0
              106.792148,10.593664,0
              106.79467,10.59314,0
              106.796716,10.593092,0
              106.797192,10.593568,0
              106.797906,10.594663,0
              106.798429,10.595519,0
              106.8,10.595472,0
              106.802427,10.595472,0
              106.804521,10.594948,0
              106.805473,10.594948,0
              106.806186,10.595757,0
              106.807091,10.595995,0
              106.808661,10.596281,0
              106.81066,10.596614,0
              106.812183,10.596995,0
              106.813515,10.597471,0
              106.814277,10.597804,0
              106.814657,10.598755,0
              106.814753,10.599802,0
              106.814943,10.601325,0
              106.81461,10.60261,0
              106.814324,10.603514,0
              106.813277,10.604181,0
              106.81173,10.604669,0
              106.812022,10.604964,0
              106.81252,10.605736,0
              106.813368,10.606908,0
              106.814296,10.608481,0
              106.814861,10.609176,0
              106.81557,10.60966,0
              106.816277,10.609809,0
              106.81678,10.609816,0
              106.817378,10.609669,0
              106.81786,10.609322,0
              106.818282,10.608735,0
              106.818384,10.608065,0
              106.818243,10.60709,0
              106.817722,10.605687,0
              106.817234,10.604953,0
              106.816961,10.604581,0
              106.816668,10.604057,0
              106.816578,10.60355,0
              106.816634,10.603158,0
              106.816825,10.602697,0
              106.817065,10.602419,0
              106.81743,10.602129,0
              106.817922,10.60184,0
              106.818559,10.601711,0
              106.81913,10.601727,0
              106.819634,10.601839,0
              106.82037,10.602026,0
              106.820787,10.602349,0
              106.82108,10.602692,0
              106.821381,10.603044,0
              106.821597,10.603502,0
              106.821744,10.603903,0
              106.822095,10.604312,0
              106.822503,10.604693,0
              106.822862,10.604911,0
              106.823221,10.60509,0
              106.823696,10.60525,0
              106.824277,10.605324,0
              106.824915,10.605291,0
              106.82549,10.605095,0
              106.826326,10.60466,0
              106.827132,10.604111,0
              106.827778,10.603753,0
              106.828242,10.603703,0
              106.828591,10.603816,0
              106.828902,10.604082,0
              106.82904,10.604511,0
              106.8291,10.604989,0
              106.829243,10.606156,0
              106.82942,10.6067,0
              106.829645,10.60712,0
              106.830121,10.607471,0
              106.830858,10.607897,0
              106.831712,10.608361,0
              106.831994,10.608656,0
              106.832028,10.608719,0
              106.832161,10.608971,0
              106.832825,10.608356,0
              106.833389,10.607791,0
              106.83366,10.607514,0
              106.833755,10.60734,0
              106.833832,10.606951,0
              106.833878,10.60655,0
              106.833851,10.606096,0
              106.833806,10.605761,0
              106.833745,10.605559,0
              106.8335,10.605076,0
              106.833073,10.604343,0
              106.832536,10.603473,0
              106.832176,10.602877,0
              106.832071,10.602632,0
              106.831999,10.602501,0
              106.831962,10.602387,0
              106.83193,10.601871,0
              106.832052,10.601325,0
              106.832362,10.600723,0
              106.832674,10.600327,0
              106.832993,10.600014,0
              106.833439,10.599808,0
              106.833867,10.59977,0
              106.83423,10.599797,0
              106.834545,10.599939,0
              106.834801,10.600171,0
              106.835014,10.600552,0
              106.835212,10.600876,0
              106.835471,10.601453,0
              106.83575,10.601901,0
              106.836104,10.602148,0
              106.836458,10.60227,0
              106.836714,10.602321,0
              106.836903,10.602104,0
              106.837063,10.601909,0
              106.837164,10.601663,0
              106.837223,10.601382,0
              106.83718,10.601149,0
              106.837081,10.60091,0
              106.836972,10.600761,0
              106.836796,10.600637,0
              106.836505,10.600489,0
              106.836165,10.600353,0
              106.835905,10.600217,0
              106.835765,10.600093,0
              106.835734,10.599919,0
              106.835763,10.599728,0
              106.835858,10.599554,0
              106.836069,10.599433,0
              106.836263,10.599444,0
              106.836523,10.599424,0
              106.836721,10.599322,0
              106.836889,10.599076,0
              106.836967,10.598991,0
              106.836984,10.598776,0
              106.836928,10.598543,0
              106.836842,10.598328,0
              106.836671,10.598018,0
              106.836598,10.597833,0
              106.836566,10.597577,0
              106.836601,10.597385,0
              106.836691,10.597253,0
              106.836956,10.59715,0
              106.837318,10.59704,0
              106.837535,10.596901,0
              106.837872,10.596702,0
              106.838222,10.59655,0
              106.838306,10.596448,0
              106.838305,10.596329,0
              106.838328,10.596101,0
              106.838459,10.595808,0
              106.838446,10.595598,0
              106.838375,10.595472,0
              106.838336,10.595402,0
              106.838347,10.595288,0
              106.838348,10.595287,0
              106.838395,10.595156,0
              106.838563,10.595036,0
              106.838949,10.594872,0
              106.839144,10.5948,0
              106.839311,10.594738,0
              106.839745,10.594532,0
              106.839917,10.594422,0
              106.840142,10.594277,0
              106.840299,10.594466,0
              106.841247,10.594473,0
              106.841516,10.594475,0
              106.842571,10.594482,0
              106.843116,10.594502,0
              106.844349,10.594547,0
              106.844978,10.594544,0
              106.845092,10.594547,0
              106.845115,10.594499,0
              106.845149,10.594429,0
              106.845418,10.593892,0
              106.845624,10.593451,0
              106.845681,10.593373,0
              106.845762,10.593301,0
              106.845901,10.593234,0
              106.846381,10.59303,0
              106.846763,10.592868,0
              106.847245,10.592651,0
              106.847329,10.592613,0
              106.848216,10.592237,0
              106.848536,10.592098,0
              106.849328,10.591755,0
              106.849894,10.59151,0
              106.850172,10.591395,0
              106.850265,10.591331,0
              106.850346,10.591256,0
              106.850439,10.591139,0
              106.850496,10.591043,0
              106.850525,10.59092,0
              106.850554,10.590158,0
              106.850577,10.589582,0
              106.850579,10.58954,0
              106.850593,10.589171,0
              106.850636,10.588166,0
              106.850653,10.587889,0
              106.850485,10.587882,0
              106.849754,10.587855,0
              106.849363,10.587839,0
              106.848768,10.587816,0
              106.848809,10.586399,0
              106.848816,10.586136,0
              106.848892,10.586013,0
              106.849034,10.583038,0
              106.84658,10.583165,0
              106.84484,10.583333,0
              106.840187,10.583855,0
              106.836931,10.58381,0
              106.836051,10.583435,0
              106.835173,10.582768,0
              106.834691,10.58189,0
              106.834466,10.581166,0
              106.83442,10.580126,0
              106.834615,10.579257,0
              106.835039,10.577879,0
              106.836169,10.575211,0
              106.837099,10.573031,0
              106.837807,10.571427,0
              106.838076,10.570385,0
              106.837945,10.568936,0
              106.837709,10.567086,0
              106.837609,10.566097,0
              106.837526,10.564071,0
              106.837544,10.563005,0
              106.83778,10.560793,0
              106.838027,10.559672,0
              106.838564,10.558464,0
              106.83981,10.557122,0
              106.840937,10.556269,0
              106.842418,10.555313,0
              106.844457,10.554418,0
              106.84711,10.552946,0
              106.848576,10.551912,0
              106.849649,10.550772,0
              106.850115,10.549807,0
              106.850201,10.548444,0
              106.850128,10.547102,0
              106.849788,10.546028,0
              106.848511,10.543423,0
              106.848245,10.542715,0
              106.848345,10.541869,0
              106.848682,10.540952,0
              106.848871,10.540573,0
              106.849438,10.539665,0
              106.850463,10.538913,0
              106.852524,10.537997,0
              106.854573,10.537411,0
              106.858177,10.536191,0
              106.861032,10.534998,0
              106.863678,10.533332,0
              106.865027,10.532248,0
              106.866555,10.530746,0
              106.867828,10.529038,0
              106.869727,10.526509,0
              106.870341,10.525786,0
              106.871437,10.524496,0
              106.872653,10.523268,0
              106.87283,10.523089,0
              106.873822,10.522547,0
              106.875428,10.521851,0
              106.876779,10.521189,0
              106.877633,10.520967,0
              106.878046,10.520833,0
              106.879754,10.520281,0
              106.880852,10.519906,0
              106.882027,10.519493,0
              106.882875,10.519282,0
              106.883769,10.519074,0
              106.884115,10.519031,0
              106.8844,10.518996,0
              106.885247,10.518955,0
              106.887069,10.518866,0
              106.889357,10.519037,0
              106.890242,10.519104,0
              106.892641,10.519215,0
              106.8932,10.519208,0
              106.894027,10.519169,0
              106.894043,10.519166,0
              106.89446,10.519128,0
              106.895402,10.519041,0
              106.896201,10.518887,0
              106.897004,10.518691,0
              106.898878,10.51793,0
              106.899847,10.517511,0
              106.900184,10.517392,0
              106.900716,10.517204,0
              106.901291,10.517,0
              106.901586,10.51691,0
              106.902163,10.516735,0
              106.902617,10.516597,0
              106.90303,10.516553,0
              106.90381,10.516486,0
              106.904821,10.516542,0
              106.905597,10.516597,0
              106.906682,10.516785,0
              106.907296,10.51697,0
              106.907982,10.51725,0
              106.908867,10.517723,0
              106.909859,10.518383,0
              106.910559,10.51879,0
              106.910957,10.519087,0
              106.91119,10.519303,0
              106.911535,10.519801,0
              106.911776,10.520407,0
              106.912637,10.522038,0
              106.913122,10.522947,0
              106.913292,10.523447,0
              106.913343,10.523697,0
              106.913388,10.524329,0
              106.913362,10.525017,0
              106.91336,10.525083,0
              106.913357,10.525343,0
              106.913417,10.52572,0
              106.913527,10.526213,0
              106.913816,10.527436,0
              106.91386,10.527553,0
              106.914048,10.528058,0
              106.914463,10.528822,0
              106.914573,10.529025,0
              106.915026,10.529625,0
              106.915651,10.530239,0
              106.91607,10.530582,0
              106.916104,10.530609,0
              106.916163,10.530656,0
              106.916223,10.530704,0
              106.916523,10.530906,0
              106.916698,10.53102,0
              106.916875,10.531134,0
              106.916965,10.531191,0
              106.917173,10.531291,0
              106.91742,10.531392,0
              106.917966,10.531593,0
              106.918416,10.531734,0
              106.918701,10.531807,0
              106.918838,10.531834,0
              106.919059,10.531853,0
              106.919711,10.531849,0
              106.919886,10.531831,0
              106.920462,10.531731,0
              106.920939,10.532428,0
              106.921974,10.533943,0
              106.923816,10.536237,0
              106.924711,10.537252,0
              106.926503,10.539187,0
              106.926587,10.539294,0
              106.927077,10.539839,0
              106.927588,10.540406,0
              106.928634,10.541569,0
              106.93043,10.543766,0
              106.930601,10.543975,0
              106.93143,10.545124,0
              106.932374,10.546594,0
              106.932667,10.547091,0
              106.932872,10.547453,0
              106.933046,10.547763,0
              106.933158,10.547963,0
              106.933492,10.548666,0
              106.933741,10.549238,0
              106.933925,10.549658,0
              106.93413,10.55015,0
              106.93429,10.55065,0
              106.93447,10.551313,0
              106.934602,10.551948,0
              106.934695,10.552423,0
              106.934693,10.55313,0
              106.934679,10.5539,0
              106.934581,10.554848,0
              106.934561,10.555037,0
              106.934447,10.555895,0
              106.934445,10.555916,0
              106.934408,10.55615,0
              106.934402,10.556191,0
              106.934305,10.556803,0
              106.934242,10.557208,0
              106.934079,10.558103,0
              106.933949,10.558766,0
              106.933838,10.559283,0
              106.933728,10.559722,0
              106.933551,10.560319,0
              106.933357,10.560936,0
              106.933153,10.561429,0
              106.932935,10.561921,0
              106.932506,10.562696,0
              106.932416,10.562859,0
              106.932405,10.562879,0
              106.93217,10.563206,0
              106.931877,10.563584,0
              106.931595,10.563882,0
              106.931276,10.564149,0
              106.93091,10.564434,0
              106.930599,10.564629,0
              106.930162,10.564871,0
              106.929448,10.565113,0
              106.929214,10.565169,0
              106.928617,10.565311,0
              106.928574,10.565321,0
              106.927626,10.56549,0
              106.927434,10.565524,0
              106.926607,10.565656,0
              106.924963,10.565828,0
              106.924773,10.565857,0
              106.924606,10.56588,0
              106.924424,10.565903,0
              106.924204,10.565938,0
              106.923656,10.565991,0
              106.923556,10.565992,0
              106.923066,10.566004,0
              106.922983,10.566005,0
              106.922815,10.566006,0
              106.922729,10.566004,0
              106.922557,10.566019,0
              106.922358,10.566049,0
              106.922176,10.566093,0
              106.921684,10.566248,0
              106.921284,10.566371,0
              106.920942,10.566492,0
              106.920402,10.566738,0
              106.919905,10.566993,0
              106.919852,10.567012,0
              106.919406,10.567284,0
              106.919382,10.567306,0
              106.919323,10.567359,0
              106.919227,10.567444,0
              106.919133,10.56753,0
              106.919062,10.567602,0
              106.919024,10.567647,0
              106.919002,10.567681,0
              106.918972,10.567723,0
              106.918924,10.567789,0
              106.918857,10.567886,0
              106.918781,10.568,0
              106.918703,10.568119,0
              106.918621,10.568241,0
              106.918538,10.568362,0
              106.918467,10.568468,0
              106.918416,10.568555,0
              106.918365,10.568645,0
              106.918295,10.568756,0
              106.918231,10.568864,0
              106.918195,10.568943,0
              106.918172,10.569005,0
              106.918137,10.569076,0
              106.91809,10.569163,0
              106.918048,10.569252,0
              106.918022,10.569324,0
              106.91802,10.569335,0
              106.918011,10.569383,0
              106.918005,10.569436,0
              106.918,10.569495,0
              106.917994,10.569582,0
              106.917996,10.569724,0
              106.918022,10.569916,0
              106.918069,10.570179,0
              106.918117,10.570601,0
              106.918147,10.57119,0
              106.918166,10.571726,0
              106.918194,10.572051,0
              106.918233,10.57225,0
              106.918263,10.572367,0
              106.918291,10.572447,0
              106.918335,10.572572,0
              106.918358,10.572636,0
              106.918395,10.57274,0
              106.918444,10.572877,0
              106.918478,10.572968,0
              106.918508,10.573048,0
              106.918546,10.573156,0
              106.919004,10.574103,0
              106.919482,10.575087,0
              106.91998,10.576091,0
              106.920122,10.576435,0
              106.92034,10.576965,0
              106.920493,10.577336,0
              106.920703,10.577361,0
              106.921018,10.577399,0
              106.921358,10.577483,0
              106.921774,10.578492,0
              106.922062,10.578905,0
              106.922373,10.57921,0
              106.923491,10.580207,0
              106.924036,10.580673,0
              106.92529,10.581746,0
              106.926011,10.582385,0
              106.926131,10.582492,0
              106.926148,10.58249,0
              106.926172,10.582492,0
              106.926195,10.582494,0
              106.926214,10.582495,0
              106.926231,10.582496,0
              106.926234,10.582496,0
              106.926254,10.5825,0
              106.926267,10.582503,0
              106.926285,10.582504,0
              106.926345,10.582534,0
              106.926386,10.58256,0
              106.926433,10.582592,0
              106.926485,10.582632,0
              106.926546,10.58268,0
              106.926594,10.582722,0
              106.926627,10.582753,0
              106.926654,10.582779,0
              106.926681,10.582805,0
              106.926716,10.582839,0
              106.926772,10.582892,0
              106.926842,10.58296,0
              106.926904,10.583019,0
              106.926957,10.58307,0
              106.927024,10.583134,0
              106.927113,10.58322,0
              106.927205,10.583308,0
              106.927289,10.583389,0
              106.927369,10.583465,0
              106.927436,10.58353,0
              106.92749,10.583581,0
              106.927549,10.583639,0
              106.927618,10.583704,0
              106.927632,10.583718,0
              106.927672,10.583757,0
              106.927725,10.583806,0
              106.927799,10.583876,0
              106.927884,10.583955,0
              106.927956,10.584023,0
              106.928017,10.58408,0
              106.928061,10.58412,0
              106.928091,10.584148,0
              106.928143,10.584191,0
              106.928249,10.58428,0
              106.928398,10.584406,0
              106.928558,10.584539,0
              106.928722,10.584672,0
              106.928844,10.584768,0
              106.928856,10.584777,0
              106.928937,10.584839,0
              106.92901,10.584894,0
              106.929082,10.584946,0
              106.929109,10.584966,0
              106.929199,10.585031,0
              106.929262,10.585076,0
              106.929304,10.585106,0
              106.929332,10.585124,0
              106.929357,10.585141,0
              106.929387,10.585161,0
              106.929422,10.585185,0
              106.929475,10.585218,0
              106.929514,10.585241,0
              106.929556,10.585267,0
              106.92965,10.585321,0
              106.929742,10.585375,0
              106.929813,10.585416,0
              106.929855,10.585439,0
              106.929883,10.585454,0
              106.929911,10.585469,0
              106.929952,10.585489,0
              106.930018,10.585521,0
              106.930058,10.585541,0
              106.930102,10.585562,0
              106.930191,10.585605,0
              106.930277,10.585647,0
              106.93035,10.585681,0
              106.930408,10.585707,0
              106.930461,10.585731,0
              106.930504,10.585751,0
              106.93054,10.585766,0
              106.930574,10.585782,0
              106.930608,10.585797,0
              106.930639,10.585811,0
              106.930669,10.585824,0
              106.930699,10.585838,0
              106.930729,10.585851,0
              106.930755,10.585862,0
              106.930774,10.585871,0
              106.930794,10.58588,0
              106.930827,10.585894,0
              106.930871,10.585913,0
              106.930912,10.58593,0
              106.931227,10.586045,0
              106.931638,10.586158,0
              106.931724,10.586181,0
              106.932548,10.586325,0
              106.932584,10.586767,0
              106.932618,10.587042,0
              106.932637,10.587149,0
              106.932659,10.587285,0
              106.93268,10.587387,0
              106.932691,10.587443,0
              106.932696,10.587483,0
              106.932701,10.587516,0
              106.932711,10.587551,0
              106.932713,10.587558,0
              106.932727,10.587595,0
              106.93274,10.587644,0
              106.932749,10.587687,0
              106.932758,10.587717,0
              106.932782,10.587758,0
              106.932822,10.587829,0
              106.932856,10.587915,0
              106.932876,10.587985,0
              106.932885,10.588023,0
              106.932894,10.588045,0
              106.932918,10.58808,0
              106.932963,10.588139,0
              106.933007,10.588204,0
              106.93304,10.588265,0
              106.93307,10.588322,0
              106.933098,10.58837,0
              106.933122,10.58841,0
              106.933155,10.588462,0
              106.933211,10.588553,0
              106.933285,10.588676,0
              106.933366,10.58881,0
              106.933456,10.588956,0
              106.933542,10.589089,0
              106.933599,10.589177,0
              106.933653,10.589262,0
              106.933741,10.589393,0
              106.933851,10.589553,0
              106.933949,10.589696,0
              106.934023,10.5898,0
              106.934082,10.589882,0
              106.934138,10.589959,0
              106.93419,10.59003,0
              106.934235,10.590091,0
              106.934236,10.590093,0
              106.934276,10.590147,0
              106.934312,10.590197,0
              106.934346,10.590243,0
              106.934378,10.590286,0
              106.934405,10.590323,0
              106.934429,10.590357,0
              106.934454,10.590391,0
              106.934476,10.590422,0
              106.934493,10.590447,0
              106.934508,10.590469,0
              106.934518,10.590486,0
              106.934528,10.590501,0
              106.934544,10.590525,0
              106.934566,10.590556,0
              106.934585,10.590585,0
              106.9346,10.590609,0
              106.934617,10.590638,0
              106.934645,10.590682,0
              106.934697,10.590761,0
              106.934767,10.590864,0
              106.934829,10.590958,0
              106.93489,10.591051,0
              106.934958,10.591151,0
              106.935007,10.591225,0
              106.935031,10.591263,0
              106.935043,10.591284,0
              106.935053,10.591301,0
              106.935065,10.591322,0
              106.93508,10.591351,0
              106.935096,10.591379,0
              106.935107,10.591403,0
              106.93512,10.591428,0
              106.935143,10.591468,0
              106.935175,10.591524,0
              106.935202,10.591574,0
              106.935225,10.591618,0
              106.935255,10.591673,0
              106.935292,10.591738,0
              106.935321,10.59179,0
              106.935343,10.591831,0
              106.935377,10.591899,0
              106.935436,10.592025,0
              106.935504,10.592176,0
              106.93556,10.592307,0
              106.935603,10.592412,0
              106.935646,10.592519,0
              106.935697,10.592649,0
              106.935757,10.592817,0
              106.93582,10.593003,0
              106.93588,10.593187,0
              106.935924,10.593337,0
              106.935953,10.593447,0
              106.935969,10.593506,0
              106.935979,10.593544,0
              106.936015,10.593675,0
              106.936062,10.593837,0
              106.936103,10.59397,0
              106.936144,10.594095,0
              106.936198,10.594264,0
              106.936264,10.594477,0
              106.936322,10.594666,0
              106.936363,10.594803,0
              106.9364,10.594932,0
              106.936443,10.595079,0
              106.936615,10.596018,0
              106.936676,10.596841,0
              106.936657,10.597224,0
              106.936585,10.597883,0
              106.936501,10.598285,0
              106.936438,10.598501,0
              106.936306,10.598951,0
              106.936229,10.599133,0
              106.935977,10.599472,0
              106.93579,10.599659,0
              106.935737,10.599708,0
              106.935708,10.59974,0
              106.935685,10.599765,0
              106.935646,10.599798,0
              106.935592,10.599839,0
              106.935556,10.599868,0
              106.935541,10.599884,0
              106.935532,10.599894,0
              106.935525,10.599902,0
              106.935516,10.599911,0
              106.935496,10.599926,0
              106.935467,10.599947,0
              106.935445,10.599964,0
              106.935424,10.59998,0
              106.935395,10.6,0
              106.935377,10.600014,0
              106.935367,10.600021,0
              106.935351,10.600033,0
              106.935326,10.600051,0
              106.935306,10.600065,0
              106.935285,10.60008,0
              106.935259,10.600099,0
              106.935238,10.600115,0
              106.935224,10.600125,0
              106.935209,10.600137,0
              106.93519,10.600151,0
              106.93516,10.600174,0
              106.935115,10.600206,0
              106.935093,10.600221,0
              106.934976,10.600304,0
              106.934835,10.600404,0
              106.934768,10.600452,0
              106.934694,10.600505,0
              106.934575,10.600592,0
              106.934481,10.600661,0
              106.934395,10.60072,0
              106.934313,10.600775,0
              106.934244,10.600822,0
              106.9342,10.600852,0
              106.934175,10.600871,0
              106.934156,10.600885,0
              106.934142,10.600896,0
              106.93413,10.600905,0
              106.934121,10.600912,0
              106.934107,10.600923,0
              106.934068,10.600949,0
              106.934009,10.600989,0
              106.933972,10.601014,0
              106.933961,10.601022,0
              106.933956,10.601025,0
              106.933952,10.601027,0
              106.933947,10.60103,0
              106.933941,10.601033,0
              106.933927,10.601042,0
              106.933888,10.601068,0
              106.933826,10.601109,0
              106.933784,10.601137,0
              106.933765,10.601148,0
              106.933751,10.601156,0
              106.933733,10.601166,0
              106.93371,10.60118,0
              106.933155,10.601519,0
              106.93281,10.601703,0
              106.932643,10.601792,0
              106.932091,10.602012,0
              106.931888,10.602087,0
              106.931692,10.60215,0
              106.931478,10.602214,0
              106.931212,10.602284,0
              106.930847,10.602369,0
              106.930488,10.60244,0
              106.930354,10.602459,0
              106.930251,10.602473,0
              106.930112,10.602485,0
              106.930099,10.602486,0
              106.929966,10.602491,0
              106.929814,10.602508,0
              106.929627,10.602554,0
              106.929449,10.602605,0
              106.929319,10.602636,0
              106.929224,10.602651,0
              106.929147,10.602665,0
              106.929084,10.602678,0
              106.929026,10.602687,0
              106.928978,10.602697,0
              106.928944,10.602707,0
              106.928914,10.602717,0
              106.928883,10.602728,0
              106.928854,10.602738,0
              106.928833,10.602747,0
              106.928813,10.602756,0
              106.928789,10.602766,0
              106.928759,10.602777,0
              106.928714,10.602789,0
              106.928649,10.602805,0
              106.928569,10.602827,0
              106.928487,10.602852,0
              106.928402,10.60288,0
              106.928305,10.602912,0
              106.92819,10.602956,0
              106.928067,10.603006,0
              106.927947,10.603055,0
              106.927854,10.603093,0
              106.927799,10.603115,0
              106.927766,10.603129,0
              106.927743,10.603139,0
              106.927724,10.603147,0
              106.92771,10.603153,0
              106.927699,10.603158,0
              106.92769,10.603162,0
              106.927684,10.603165,0
              106.927679,10.603167,0
              106.927674,10.603169,0
              106.92767,10.603171,0
              106.927665,10.603174,0
              106.92766,10.603176,0
              106.927654,10.603179,0
              106.927647,10.603183,0
              106.927639,10.603188,0
              106.927625,10.603195,0
              106.927594,10.603211,0
              106.927549,10.603235,0
              106.927515,10.603253,0
              106.927493,10.603265,0
              106.927469,10.603278,0
              106.927427,10.6033,0
              106.927355,10.603339,0
              106.927264,10.603388,0
              106.927176,10.603438,0
              106.927108,10.603479,0
              106.927071,10.603502,0
              106.927053,10.603512,0
              106.92704,10.603519,0
              106.92703,10.603525,0
              106.927022,10.603529,0
              106.927015,10.603533,0
              106.927009,10.603536,0
              106.927005,10.603539,0
              106.927,10.603541,0
              106.926996,10.603544,0
              106.926992,10.603546,0
              106.926988,10.603549,0
              106.926983,10.603552,0
              106.926977,10.603556,0
              106.92697,10.603561,0
              106.926961,10.603567,0
              106.926946,10.603577,0
              106.926917,10.603597,0
              106.926875,10.603626,0
              106.926841,10.603648,0
              106.926818,10.603664,0
              106.92679,10.603683,0
              106.926742,10.603717,0
              106.92666,10.603775,0
              106.926568,10.603847,0
              106.926495,10.603912,0
              106.926441,10.603965,0
              106.926395,10.604013,0
              106.926363,10.604043,0
              106.926347,10.604056,0
              106.926335,10.604064,0
              106.926326,10.60407,0
              106.926319,10.604075,0
              106.926313,10.604079,0
              106.926309,10.604083,0
              106.926304,10.604086,0
              106.9263,10.604089,0
              106.926296,10.604092,0
              106.92629,10.604096,0
              106.926284,10.604101,0
              106.926275,10.604107,0
              106.926263,10.604117,0
              106.926246,10.604129,0
              106.926224,10.604146,0
              106.926196,10.604167,0
              106.926155,10.6042,0
              106.926073,10.604272,0
              106.925923,10.604429,0
              106.925737,10.604642,0
              106.92558,10.604807,0
              106.925471,10.604909,0
              106.925361,10.605038,0
              106.925245,10.605192,0
              106.925234,10.605207,0
              106.925146,10.605323,0
              106.925103,10.605378,0
              106.925069,10.605418,0
              106.925027,10.605458,0
              106.924979,10.60551,0
              106.924974,10.605516,0
              106.924928,10.605572,0
              106.924884,10.605622,0
              106.924843,10.605671,0
              106.9248,10.605727,0
              106.924768,10.605766,0
              106.92475,10.605783,0
              106.924738,10.605792,0
              106.924728,10.6058,0
              106.924721,10.605805,0
              106.924716,10.60581,0
              106.924712,10.605814,0
              106.924708,10.605817,0
              106.924704,10.605822,0
              106.924699,10.605827,0
              106.924693,10.605834,0
              106.924686,10.605843,0
              106.924677,10.605855,0
              106.924664,10.60587,0
              106.924649,10.605889,0
              106.924628,10.605914,0
              106.924595,10.605955,0
              106.924543,10.606018,0
              106.924473,10.606105,0
              106.924387,10.606214,0
              106.924385,10.606217,0
              106.924287,10.606355,0
              106.924201,10.606489,0
              106.92415,10.606568,0
              106.924126,10.606602,0
              106.92411,10.606622,0
              106.924098,10.606637,0
              106.924088,10.606648,0
              106.924081,10.606657,0
              106.924076,10.606665,0
              106.924071,10.606671,0
              106.924068,10.606675,0
              106.924064,10.60668,0
              106.924061,10.606685,0
              106.924058,10.606691,0
              106.924053,10.606699,0
              106.924047,10.60671,0
              106.924039,10.606724,0
              106.924029,10.606743,0
              106.924015,10.606769,0
              106.923996,10.606803,0
              106.923969,10.606853,0
              106.923917,10.606947,0
              106.923899,10.606978,0
              106.923835,10.607092,0
              106.923745,10.607244,0
              106.923657,10.607382,0
              106.923573,10.607513,0
              106.923495,10.607631,0
              106.923425,10.607734,0
              106.923355,10.607831,0
              106.923288,10.607927,0
              106.923222,10.60802,0
              106.923166,10.608105,0
              106.923114,10.608185,0
              106.923057,10.608264,0
              106.923001,10.60834,0
              106.92282,10.608565,0
              106.922672,10.60875,0
              106.922503,10.608921,0
              106.92241,10.609014,0
              106.922404,10.609019,0
              106.92238,10.609037,0
              106.922354,10.609055,0
              106.922342,10.609063,0
              106.922318,10.609081,0
              106.92231,10.609088,0
              106.922305,10.609093,0
              106.922301,10.609098,0
              106.922296,10.609104,0
              106.92229,10.609111,0
              106.922279,10.609122,0
              106.922252,10.609143,0
              106.922209,10.609174,0
              106.922165,10.609209,0
              106.922094,10.609259,0
              106.921995,10.609324,0
              106.921929,10.609371,0
              106.921906,10.609391,0
              106.921898,10.6094,0
              106.921893,10.609406,0
              106.921888,10.609411,0
              106.921873,10.609421,0
              106.921821,10.609451,0
              106.921737,10.609498,0
              106.921677,10.60953,0
              106.92162,10.609556,0
              106.921522,10.609597,0
              106.921425,10.609638,0
              106.921367,10.60966,0
              106.921303,10.609677,0
              106.921213,10.6097,0
              106.921146,10.609716,0
              106.920784,10.609778,0
              106.920134,10.609838,0
              106.91965,10.609836,0
              106.919238,10.609818,0
              106.919001,10.609778,0
              106.918796,10.609724,0
              106.918591,10.609671,0
              106.918103,10.609485,0
              106.917677,10.609321,0
              106.916934,10.608998,0
              106.916618,10.608839,0
              106.916374,10.608709,0
              106.91591,10.608463,0
              106.915228,10.608122,0
              106.914734,10.607923,0
              106.914325,10.607777,0
              106.913928,10.607687,0
              106.913618,10.607626,0
              106.913203,10.607575,0
              106.912879,10.607563,0
              106.912859,10.607565,0
              106.912558,10.607596,0
              106.912168,10.607709,0
              106.91183,10.607875,0
              106.911488,10.608056,0
              106.911345,10.608162,0
              106.911084,10.608351,0
              106.910831,10.608588,0
              106.910482,10.608943,0
              106.910246,10.609228,0
              106.909787,10.609963,0
              106.909548,10.610375,0
              106.909485,10.610488,0
              106.909252,10.610903,0
              106.909024,10.611401,0
              106.90888,10.611685,0
              106.908527,10.612385,0
              106.908417,10.612625,0
              106.90828,10.612941,0
              106.908143,10.613262,0
              106.908028,10.613538,0
              106.90795,10.613716,0
              106.907893,10.613833,0
              106.907834,10.613958,0
              106.907768,10.614101,0
              106.907716,10.614213,0
              106.907679,10.614284,0
              106.907651,10.614337,0
              106.907625,10.614391,0
              106.907585,10.614476,0
              106.907536,10.614588,0
              106.907502,10.614664,0
              106.907484,10.614701,0
              106.90747,10.614731,0
              106.907456,10.614758,0
              106.90744,10.614792,0
              106.907431,10.614812,0
              106.907413,10.614852,0
              106.907374,10.614944,0
              106.907368,10.614957,0
              106.907322,10.615072,0
              106.907289,10.615161,0
              106.90726,10.615242,0
              106.907229,10.615327,0
              106.907199,10.615411,0
              106.907174,10.615488,0
              106.907155,10.615553,0
              106.907136,10.615626,0
              106.907106,10.615742,0
              106.90707,10.615889,0
              106.907042,10.615999,0
              106.907028,10.616054,0
              106.907019,10.616085,0
              106.907013,10.616108,0
              106.907008,10.616125,0
              106.907004,10.616139,0
              106.907001,10.61615,0
              106.906999,10.616159,0
              106.906998,10.616165,0
              106.906996,10.616171,0
              106.906995,10.616176,0
              106.906993,10.616181,0
              106.906992,10.616188,0
              106.90699,10.616196,0
              106.906988,10.616207,0
              106.906984,10.616224,0
              106.906976,10.616257,0
              106.906958,10.616337,0
              106.906931,10.616455,0
              106.90691,10.616544,0
              106.906898,10.616597,0
              106.906889,10.616641,0
              106.90688,10.61668,0
              106.90687,10.616724,0
              106.906857,10.616781,0
              106.906842,10.616847,0
              106.906831,10.616906,0
              106.906825,10.616948,0
              106.906819,10.616993,0
              106.906807,10.617069,0
              106.906792,10.617172,0
              106.906778,10.617268,0
              106.906765,10.617338,0
              106.906759,10.617365,0
              106.906754,10.617388,0
              106.906747,10.617414,0
              106.906745,10.617424,0
              106.906744,10.617429,0
              106.906742,10.617433,0
              106.90674,10.617438,0
              106.906738,10.617444,0
              106.906735,10.61745,0
              106.906732,10.617458,0
              106.906729,10.617466,0
              106.906725,10.617477,0
              106.906719,10.617489,0
              106.906713,10.617506,0
              106.906704,10.617538,0
              106.90669,10.617586,0
              106.906676,10.61763,0
              106.906664,10.617661,0
              106.906655,10.617682,0
              106.906647,10.617699,0
              106.906641,10.617715,0
              106.906634,10.617735,0
              106.906622,10.61778,0
              106.906606,10.617846,0
              106.906595,10.617889,0
              106.90659,10.617905,0
              106.906587,10.617914,0
              106.906584,10.61792,0
              106.906582,10.617926,0
              106.90658,10.617931,0
              106.906579,10.617936,0
              106.906576,10.617948,0
              106.906567,10.617986,0
              106.906553,10.618048,0
              106.906545,10.618087,0
              106.906542,10.618099,0
              106.906541,10.618107,0
              106.906538,10.618122,0
              106.906533,10.618145,0
              106.90653,10.618162,0
              106.906529,10.618173,0
              106.906528,10.618183,0
              106.906527,10.618197,0
              106.906523,10.618218,0
              106.906518,10.618247,0
              106.906513,10.618275,0
              106.906509,10.618306,0
              106.906505,10.618344,0
              106.9065,10.618381,0
              106.906496,10.618413,0
              106.906493,10.618438,0
              106.90649,10.61846,0
              106.906487,10.618482,0
              106.906483,10.618506,0
              106.906481,10.618532,0
              106.906478,10.618551,0
              106.906476,10.61857,0
              106.906473,10.618592,0
              106.906472,10.618609,0
              106.90647,10.618623,0
              106.906469,10.618636,0
              106.906469,10.618647,0
              106.906468,10.618657,0
              106.906467,10.618665,0
              106.906466,10.618671,0
              106.906464,10.618676,0
              106.906462,10.618684,0
              106.906458,10.618701,0
              106.906452,10.618731,0
              106.906444,10.618764,0
              106.906439,10.618788,0
              106.906434,10.618804,0
              106.906429,10.61882,0
              106.906424,10.618838,0
              106.906418,10.618857,0
              106.906411,10.61888,0
              106.906404,10.618904,0
              106.906396,10.618928,0
              106.90639,10.618948,0
              106.906386,10.618963,0
              106.906382,10.618976,0
              106.906377,10.618992,0
              106.90637,10.619013,0
              106.906365,10.61903,0
              106.906359,10.619046,0
              106.906349,10.619068,0
              106.906339,10.619092,0
              106.906331,10.619108,0
              106.906324,10.61912,0
              106.906316,10.619134,0
              106.906306,10.619155,0
              106.906291,10.619186,0
              106.906271,10.619223,0
              106.906251,10.619265,0
              106.906232,10.619304,0
              106.906217,10.619337,0
              106.906202,10.619369,0
              106.906183,10.619409,0
              106.906163,10.619448,0
              106.906144,10.61948,0
              106.906132,10.619501,0
              106.906124,10.619515,0
              106.906117,10.619525,0
              106.906112,10.619534,0
              106.906107,10.619541,0
              106.906104,10.619548,0
              106.9061,10.619554,0
              106.906094,10.619569,0
              106.906076,10.619619,0
              106.906048,10.6197,0
              106.906031,10.61975,0
              106.906025,10.619765,0
              106.906023,10.61977,0
              106.90602,10.619776,0
              106.906017,10.619784,0
              106.906013,10.619794,0
              106.906008,10.619807,0
              106.906001,10.619824,0
              106.90599,10.619853,0
              106.905967,10.619918,0
              106.905934,10.620012,0
              106.905908,10.620082,0
              106.905904,10.620093,0
              106.905892,10.620126,0
              106.905875,10.62017,0
              106.905854,10.620227,0
              106.905828,10.620296,0
              106.905802,10.620365,0
              106.905777,10.62043,0
              106.905758,10.620482,0
              106.905743,10.620524,0
              106.90573,10.620561,0
              106.905718,10.620592,0
              106.905707,10.620622,0
              106.905696,10.620651,0
              106.905688,10.620675,0
              106.90568,10.620696,0
              106.905671,10.620717,0
              106.905666,10.620733,0
              106.905662,10.620743,0
              106.905656,10.620756,0
              106.90565,10.620774,0
              106.905644,10.620788,0
              106.90564,10.620799,0
              106.905634,10.620814,0
              106.905628,10.620829,0
              106.905621,10.620845,0
              106.905615,10.620859,0
              106.90561,10.620872,0
              106.905605,10.620883,0
              106.9056,10.620895,0
              106.905594,10.620909,0
              106.905589,10.620922,0
              106.905584,10.620933,0
              106.905579,10.620944,0
              106.905574,10.620956,0
              106.905566,10.620973,0
              106.905557,10.620993,0
              106.905548,10.621012,0
              106.905538,10.62103,0
              106.905529,10.621049,0
              106.905518,10.621071,0
              106.905505,10.621097,0
              106.90549,10.621127,0
              106.905475,10.621157,0
              106.905459,10.62119,0
              106.90544,10.621229,0
              106.905419,10.621272,0
              106.905397,10.621316,0
              106.905374,10.621361,0
              106.905347,10.621415,0
              106.905317,10.621477,0
              106.905292,10.621527,0
              106.905272,10.621566,0
              106.905247,10.621617,0
              106.90521,10.621694,0
              106.905164,10.621786,0
              106.905158,10.621799,0
              106.905071,10.621963,0
              106.904961,10.622164,0
              106.904893,10.622289,0
              106.904868,10.622337,0
              106.904857,10.62236,0
              106.904848,10.622378,0
              106.904841,10.622392,0
              106.904836,10.622403,0
              106.904832,10.622411,0
              106.904829,10.622417,0
              106.904827,10.62242,0
              106.904457,10.623094,0
              106.903823,10.623983,0
              106.903385,10.624452,0
              106.903279,10.624566,0
              106.902457,10.625469,0
              106.901334,10.626593,0
              106.901223,10.626705,0
              106.90028,10.627543,0
              106.898473,10.629047,0
              106.896863,10.63014,0
              106.896762,10.630191,0
              106.896579,10.630283,0
              106.895825,10.630662,0
              106.89424,10.631385,0
              106.892843,10.632173,0
              106.891874,10.633222,0
              106.891464,10.633819,0
              106.891174,10.634468,0
              106.890888,10.635685,0
              106.890559,10.636625,0
              106.890136,10.637236,0
              106.889538,10.637794,0
              106.888779,10.638182,0
              106.88714,10.63876,0
              106.886141,10.639303,0
              106.885862,10.639455,0
              106.885304,10.639934,0
              106.885013,10.640411,0
              106.884778,10.641205,0
              106.884571,10.642103,0
              106.884397,10.643689,0
              106.884276,10.644394,0
              106.884204,10.644814,0
              106.883943,10.645856,0
              106.883664,10.646534,0
              106.882918,10.647447,0
              106.882655,10.64762,0
              106.882486,10.647731,0
              106.88206,10.647853,0
              106.881486,10.648017,0
              106.879968,10.648241,0
              106.878549,10.648349,0
              106.87678,10.648421,0
              106.875203,10.648546,0
              106.873848,10.648315,0
              106.872659,10.647748,0
              106.872027,10.647225,0
              106.871799,10.647036,0
              106.871538,10.646634,0
              106.871189,10.645818,0
              106.870971,10.645223,0
              106.870477,10.643969,0
              106.870117,10.643421,0
              106.869565,10.642928,0
              106.869122,10.64275,0
              106.868919,10.642669,0
              106.868134,10.642558,0
              106.867915,10.642548,0
              106.867521,10.642529,0
              106.867211,10.642495,0
              106.865978,10.642478,0
              106.865222,10.642288,0
              106.864771,10.642175,0
              106.864229,10.641865,0
              106.863969,10.641639,0
              106.863545,10.641271,0
              106.863377,10.641003,0
              106.863194,10.640684,0
              106.862453,10.63897,0
              106.861999,10.638098,0
              106.861644,10.637457,0
              106.860721,10.636841,0
              106.860067,10.636653,0
              106.859173,10.636659,0
              106.858907,10.63678,0
              106.857821,10.637121,0
              106.855724,10.638186,0
              106.853989,10.639057,0
              106.852347,10.639521,0
              106.851381,10.63967,0
              106.850366,10.639676,0
              106.849325,10.639515,0
              106.84751,10.639287,0
              106.845844,10.638915,0
              106.8443,10.638473,0
              106.843964,10.638377,0
              106.842697,10.637762,0
              106.841553,10.636882,0
              106.840699,10.635682,0
              106.840079,10.634243,0
              106.839959,10.633964,0
              106.839613,10.632062,0
              106.83956,10.631632,0
              106.838937,10.629854,0
              106.838786,10.629422,0
              106.837751,10.628098,0
              106.837383,10.627792,0
              106.837119,10.62757,0
              106.837114,10.627568,0
              106.837109,10.627566,0
              106.83628,10.627203,0
              106.834805,10.626917,0
              106.831605,10.627116,0
              106.829409,10.627208,0
              106.827219,10.627602,0
              106.826728,10.62769,0
              106.824666,10.628527,0
              106.823747,10.629209,0
              106.822716,10.629974,0
              106.821027,10.631561,0
              106.820203,10.632335,0
              106.818587,10.634172,0
              106.817854,10.635005,0
              106.816811,10.636444,0
              106.815411,10.638377,0
              106.814559,10.639552,0
              106.81404,10.640468,0
              106.812961,10.642372,0
              106.812105,10.644888,0
              106.812051,10.645071,0
              106.810985,10.648691,0
              106.810719,10.649596,0
              106.810183,10.651428,0
              106.809794,10.652759,0
              106.809557,10.653333,0
              106.809186,10.654233,0
              106.808463,10.655301,0
              106.808439,10.655337,0
              106.808207,10.65568,0
              106.807063,10.657151,0
              106.80539,10.658291,0
              106.804253,10.659066,0
              106.804062,10.659149,0
              106.803372,10.65945,0
              106.800736,10.660597,0
              106.799421,10.661257,0
              106.799145,10.661395,0
              106.798403,10.661742,0
              106.798033,10.661914,0
              106.796717,10.662694,0
              106.795852,10.663504,0
              106.79438,10.664883,0
              106.793347,10.665851,0
            </coordinates>
          </LinearRing>
        </outerBoundaryIs>
      </Polygon>
    </Placemark>
    <Placemark>
      <name>Cần Giờ</name>
      <description><![CDATA[description: Mã phường/xã: 27664<br>             Tên phường/xã: Cần Giờ<br>             Loại: Xã<br>             Cấp: 2<br>             STT: 150<br>             Mã tỉnh/thành: 79<br>             Tên tỉnh/thành: TP. Hồ Chí Minh<br>ma_xa: 27664<br>ten_xa: Cần Giờ<br>sap_nhap: Long Hòa (huyện Cần Giờ), Cần Thạnh (thị trấn)<br>tru_so: 48 đường Lương Văn Nho, khu phố Giồng Ao, thị trấn Cần Thạnh, huyện Cần Giờ cũ<br>loai: Xã<br>cap: 2<br>stt: 150<br>dtich_km2: 157.01<br>dan_so: 27130<br>matdo_km2: 172.79<br>ma_tinh: 79<br>ten_tinh: TP. Hồ Chí Minh<br>desc: Mã phường/xã: 27664<br><br>            Tên phường/xã: Cần Giờ<br><br>            Loại: Xã<br><br>            Cấp: 2<br><br>            STT: 150<br><br>            Mã tỉnh/thành: 79<br><br>            Tên tỉnh/thành: TP. Hồ Chí Minh<br>_styleId: style-79<br>GIÁO XỨ/ DÒNG: ]]></description>
      <styleUrl>#poly-FBC02D-2000-92</styleUrl>
      <ExtendedData>
        <Data name="description">
          <value>Mã phường/xã: 27664
             Tên phường/xã: Cần Giờ
             Loại: Xã
             Cấp: 2
             STT: 150
             Mã tỉnh/thành: 79
             Tên tỉnh/thành: TP. Hồ Chí Minh</value>
        </Data>
        <Data name="ma_xa">
          <value>27664</value>
        </Data>
        <Data name="ten_xa">
          <value>Cần Giờ</value>
        </Data>
        <Data name="sap_nhap">
          <value>Long Hòa (huyện Cần Giờ), Cần Thạnh (thị trấn)</value>
        </Data>
        <Data name="tru_so">
          <value>48 đường Lương Văn Nho, khu phố Giồng Ao, thị trấn Cần Thạnh, huyện Cần Giờ cũ</value>
        </Data>
        <Data name="loai">
          <value>Xã</value>
        </Data>
        <Data name="cap">
          <value>2</value>
        </Data>
        <Data name="stt">
          <value>150</value>
        </Data>
        <Data name="dtich_km2">
          <value>157.01</value>
        </Data>
        <Data name="dan_so">
          <value>27130</value>
        </Data>
        <Data name="matdo_km2">
          <value>172.79</value>
        </Data>
        <Data name="ma_tinh">
          <value>79</value>
        </Data>
        <Data name="ten_tinh">
          <value>TP. Hồ Chí Minh</value>
        </Data>
        <Data name="desc">
          <value><![CDATA[Mã phường/xã: 27664<br>
            Tên phường/xã: Cần Giờ<br>
            Loại: Xã<br>
            Cấp: 2<br>
            STT: 150<br>
            Mã tỉnh/thành: 79<br>
            Tên tỉnh/thành: TP. Hồ Chí Minh]]></value>
        </Data>
        <Data name="_styleId">
          <value>style-79</value>
        </Data>
        <Data name="GIÁO XỨ/ DÒNG">
          <value/>
        </Data>
      </ExtendedData>
      <MultiGeometry>
        <Polygon>
          <outerBoundaryIs>
            <LinearRing>
              <tessellate>1</tessellate>
              <coordinates>
                106.963762,10.419274,0
                106.963945,10.419051,0
                106.964078,10.4189,0
                106.964618,10.4186,0
                106.9648,10.418562,0
                106.96486,10.41855,0
                106.964957,10.418597,0
                106.965006,10.418776,0
                106.964995,10.41892,0
                106.964851,10.419076,0
                106.964791,10.419149,0
                106.964707,10.419163,0
                106.964524,10.419195,0
                106.964426,10.419201,0
                106.964392,10.419203,0
                106.96424,10.419233,0
                106.964175,10.419272,0
                106.964164,10.419341,0
                106.964168,10.419423,0
                106.96414,10.419481,0
                106.964046,10.419546,0
                106.963985,10.419574,0
                106.963894,10.419615,0
                106.963729,10.419655,0
                106.963565,10.419696,0
                106.963524,10.419696,0
                106.963508,10.419683,0
                106.963497,10.419658,0
                106.963494,10.419634,0
                106.963494,10.419617,0
                106.963499,10.419596,0
                106.963762,10.419274,0
              </coordinates>
            </LinearRing>
          </outerBoundaryIs>
        </Polygon>
        <Polygon>
          <outerBoundaryIs>
            <LinearRing>
              <tessellate>1</tessellate>
              <coordinates>
                106.949127,10.509568,0
                106.94906,10.510585,0
                106.948805,10.512189,0
                106.948404,10.513866,0
                106.947956,10.515638,0
                106.947759,10.516207,0
                106.947434,10.517148,0
                106.946781,10.518755,0
                106.946625,10.519138,0
                106.945686,10.520631,0
                106.944886,10.521537,0
                106.94427,10.522081,0
                106.943887,10.522427,0
                106.942861,10.5232,0
                106.941939,10.523768,0
                106.941782,10.523865,0
                106.941764,10.523875,0
                106.941519,10.524006,0
                106.940614,10.524491,0
                106.939805,10.524888,0
                106.939427,10.525073,0
                106.938111,10.525573,0
                106.936917,10.52605,0
                106.936128,10.52622,0
                106.93534,10.526391,0
                106.933426,10.526863,0
                106.932014,10.527188,0
                106.929693,10.527848,0
                106.929128,10.527995,0
                106.928663,10.528161,0
                106.928197,10.528326,0
                106.926145,10.529374,0
                106.925923,10.529487,0
                106.924448,10.530254,0
                106.923217,10.530804,0
                106.922089,10.53129,0
                106.921038,10.531631,0
                106.920462,10.531731,0
                106.919886,10.531831,0
                106.919711,10.531849,0
                106.919059,10.531853,0
                106.918838,10.531834,0
                106.918701,10.531807,0
                106.918416,10.531734,0
                106.917966,10.531593,0
                106.91742,10.531392,0
                106.917173,10.531291,0
                106.916965,10.531191,0
                106.916875,10.531134,0
                106.916698,10.53102,0
                106.916523,10.530906,0
                106.916223,10.530704,0
                106.916163,10.530656,0
                106.916104,10.530609,0
                106.91607,10.530582,0
                106.915651,10.530239,0
                106.915026,10.529625,0
                106.914573,10.529025,0
                106.914463,10.528822,0
                106.914048,10.528058,0
                106.91386,10.527553,0
                106.913816,10.527436,0
                106.913527,10.526213,0
                106.913417,10.52572,0
                106.913357,10.525343,0
                106.91336,10.525083,0
                106.913362,10.525017,0
                106.913388,10.524329,0
                106.913343,10.523697,0
                106.913292,10.523447,0
                106.913122,10.522947,0
                106.912637,10.522038,0
                106.911776,10.520407,0
                106.911535,10.519801,0
                106.91119,10.519303,0
                106.910957,10.519087,0
                106.910559,10.51879,0
                106.909859,10.518383,0
                106.908867,10.517723,0
                106.907982,10.51725,0
                106.907296,10.51697,0
                106.906682,10.516785,0
                106.905597,10.516597,0
                106.904821,10.516542,0
                106.90381,10.516486,0
                106.90303,10.516553,0
                106.902617,10.516597,0
                106.902163,10.516735,0
                106.901586,10.51691,0
                106.901291,10.517,0
                106.900716,10.517204,0
                106.900184,10.517392,0
                106.899847,10.517511,0
                106.898878,10.51793,0
                106.897004,10.518691,0
                106.896201,10.518887,0
                106.895402,10.519041,0
                106.89446,10.519128,0
                106.894043,10.519166,0
                106.894027,10.519169,0
                106.8932,10.519208,0
                106.892641,10.519215,0
                106.890242,10.519104,0
                106.889357,10.519037,0
                106.887069,10.518866,0
                106.885247,10.518955,0
                106.8844,10.518996,0
                106.884115,10.519031,0
                106.883769,10.519074,0
                106.882875,10.519282,0
                106.882027,10.519493,0
                106.880852,10.519906,0
                106.879754,10.520281,0
                106.878046,10.520833,0
                106.877633,10.520967,0
                106.876779,10.521189,0
                106.875428,10.521851,0
                106.873822,10.522547,0
                106.87283,10.523089,0
                106.872653,10.523268,0
                106.872526,10.522881,0
                106.871792,10.520268,0
                106.871467,10.518705,0
                106.871386,10.518512,0
                106.8712,10.518137,0
                106.87116,10.518027,0
                106.871138,10.517856,0
                106.871134,10.51777,0
                106.871122,10.517469,0
                106.87112,10.517232,0
                106.871124,10.517104,0
                106.871143,10.516814,0
                106.871147,10.51666,0
                106.871145,10.516529,0
                106.871125,10.51623,0
                106.87112,10.5161,0
                106.87111,10.515954,0
                106.871093,10.515766,0
                106.871048,10.515323,0
                106.871025,10.515129,0
                106.871002,10.514978,0
                106.870942,10.514653,0
                106.87092,10.514558,0
                106.870887,10.514447,0
                106.870718,10.513941,0
                106.87065,10.513756,0
                106.870578,10.513589,0
                106.870455,10.513347,0
                106.870385,10.513218,0
                106.870325,10.513115,0
                106.870259,10.513013,0
                106.870196,10.512923,0
                106.870044,10.512737,0
                106.869955,10.512632,0
                106.869925,10.51259,0
                106.869831,10.51245,0
                106.869736,10.512315,0
                106.869613,10.512176,0
                106.869461,10.512042,0
                106.869172,10.511808,0
                106.868979,10.511662,0
                106.868772,10.511509,0
                106.868568,10.511353,0
                106.868284,10.51112,0
                106.868132,10.511006,0
                106.868037,10.510927,0
                106.867817,10.510732,0
                106.867762,10.51068,0
                106.867511,10.510426,0
                106.867359,10.510261,0
                106.867269,10.510147,0
                106.867204,10.510037,0
                106.867103,10.509888,0
                106.867066,10.509827,0
                106.866991,10.509695,0
                106.866948,10.509606,0
                106.866909,10.509503,0
                106.866884,10.509401,0
                106.866836,10.509166,0
                106.866825,10.508969,0
                106.866828,10.508875,0
                106.866846,10.508656,0
                106.866864,10.508593,0
                106.866925,10.508458,0
                106.867008,10.508284,0
                106.867061,10.50819,0
                106.867118,10.508104,0
                106.867182,10.508024,0
                106.867262,10.50794,0
                106.867455,10.507755,0
                106.867561,10.507663,0
                106.867668,10.507589,0
                106.867744,10.507549,0
                106.867823,10.507503,0
                106.868896,10.506919,0
                106.868978,10.506889,0
                106.86947,10.506683,0
                106.86967,10.506596,0
                106.86991,10.506487,0
                106.870164,10.506378,0
                106.870588,10.506232,0
                106.870828,10.506126,0
                106.871047,10.506013,0
                106.87141,10.505804,0
                106.871448,10.505782,0
                106.871922,10.505466,0
                106.872333,10.505148,0
                106.8725,10.504999,0
                106.872668,10.504839,0
                106.87282,10.504653,0
                106.872939,10.504461,0
                106.873034,10.504301,0
                106.873119,10.504144,0
                106.873189,10.503964,0
                106.873235,10.503798,0
                106.873268,10.503666,0
                106.873296,10.503542,0
                106.873314,10.503416,0
                106.87332,10.503307,0
                106.873321,10.503125,0
                106.873316,10.502918,0
                106.873303,10.502689,0
                106.873293,10.502576,0
                106.873278,10.502461,0
                106.873257,10.502351,0
                106.873225,10.502242,0
                106.872839,10.501276,0
                106.872785,10.501167,0
                106.872504,10.500661,0
                106.872431,10.50054,0
                106.872177,10.500192,0
                106.871644,10.499607,0
                106.871364,10.499369,0
                106.870999,10.49898,0
                106.870712,10.498777,0
                106.870045,10.49841,0
                106.869113,10.498045,0
                106.867975,10.497764,0
                106.867116,10.49759,0
                106.866502,10.497391,0
                106.865943,10.497117,0
                106.865519,10.496835,0
                106.865439,10.496754,0
                106.86514,10.496445,0
                106.864682,10.495887,0
                106.864303,10.495426,0
                106.863803,10.49465,0
                106.864632,10.494154,0
                106.865125,10.493673,0
                106.86564,10.49312,0
                106.866077,10.492324,0
                106.866746,10.490608,0
                106.867031,10.48907,0
                106.867075,10.48834,0
                106.866985,10.487479,0
                106.866674,10.48607,0
                106.866184,10.484829,0
                106.865157,10.482862,0
                106.863508,10.479966,0
                106.863021,10.479358,0
                106.862461,10.478572,0
                106.862314,10.478179,0
                106.862127,10.477271,0
                106.861978,10.476554,0
                106.861912,10.47567,0
                106.862251,10.473754,0
                106.862855,10.471742,0
                106.863885,10.470145,0
                106.865027,10.469146,0
                106.866675,10.46806,0
                106.868602,10.466936,0
                106.870504,10.465789,0
                106.871923,10.464621,0
                106.87251,10.463852,0
                106.872665,10.46348,0
                106.872816,10.462535,0
                106.872932,10.461697,0
                106.873,10.460907,0
                106.87303,10.459878,0
                106.872869,10.459281,0
                106.872318,10.458053,0
                106.871964,10.457385,0
                106.871441,10.456814,0
                106.869996,10.455555,0
                106.868682,10.454152,0
                106.866503,10.451737,0
                106.866035,10.451036,0
                106.865624,10.450206,0
                106.865417,10.449533,0
                106.865252,10.448659,0
                106.865302,10.447309,0
                106.865254,10.44652,0
                106.864826,10.445231,0
                106.863552,10.443172,0
                106.86228,10.441386,0
                106.861898,10.440527,0
                106.861558,10.439481,0
                106.860504,10.437665,0
                106.859783,10.435918,0
                106.859298,10.434831,0
                106.859064,10.434444,0
                106.858886,10.433828,0
                106.858605,10.432926,0
                106.858413,10.432281,0
                106.858351,10.431507,0
                106.858242,10.430331,0
                106.858077,10.429456,0
                106.858027,10.428337,0
                106.858235,10.426729,0
                106.859244,10.423264,0
                106.859399,10.42256,0
                106.859453,10.421871,0
                106.859508,10.421354,0
                106.859694,10.420851,0
                106.860785,10.41918,0
                106.861431,10.417985,0
                106.861674,10.417424,0
                106.861742,10.41672,0
                106.861695,10.416175,0
                106.861808,10.415615,0
                106.86241,10.414449,0
                106.862737,10.413356,0
                106.863006,10.411881,0
                106.863145,10.411302,0
                106.86409,10.408214,0
                106.864325,10.407091,0
                106.869227,10.407838,0
                106.869536,10.407885,0
                106.870565,10.408042,0
                106.873577,10.408501,0
                106.8736,10.408321,0
                106.873606,10.408275,0
                106.873612,10.408226,0
                106.873653,10.407496,0
                106.873655,10.407454,0
                106.873823,10.406968,0
                106.874066,10.406265,0
                106.874095,10.406184,0
                106.874399,10.405665,0
                106.874501,10.405492,0
                106.874508,10.405472,0
                106.87464,10.405072,0
                106.874763,10.404685,0
                106.874853,10.404403,0
                106.874875,10.404342,0
                106.875085,10.403774,0
                106.875284,10.403307,0
                106.875411,10.403081,0
                106.875466,10.402983,0
                106.875553,10.402832,0
                106.875641,10.40273,0
                106.875698,10.402691,0
                106.875718,10.402677,0
                106.87572,10.402644,0
                106.875721,10.402631,0
                106.875674,10.402577,0
                106.875678,10.402507,0
                106.875743,10.402403,0
                106.875771,10.402268,0
                106.8758,10.40201,0
                106.875917,10.401506,0
                106.875999,10.401253,0
                106.876087,10.401077,0
                106.876098,10.401054,0
                106.876109,10.401041,0
                106.876198,10.400931,0
                106.876279,10.400878,0
                106.876329,10.400845,0
                106.876378,10.400814,0
                106.876541,10.400714,0
                106.876778,10.400621,0
                106.87678,10.40062,0
                106.87678,10.400613,0
                106.876931,10.400009,0
                106.877133,10.399198,0
                106.877091,10.398861,0
                106.877126,10.3987,0
                106.877134,10.398682,0
                106.877135,10.398679,0
                106.877226,10.398466,0
                106.877358,10.398131,0
                106.87745,10.397754,0
                106.87751,10.397399,0
                106.877534,10.397158,0
                106.877566,10.397036,0
                106.877687,10.396723,0
                106.877866,10.396421,0
                106.878011,10.396294,0
                106.878091,10.396271,0
                106.878173,10.396247,0
                106.878514,10.396288,0
                106.87879,10.396322,0
                106.878931,10.396307,0
                106.879007,10.396288,0
                106.879094,10.396216,0
                106.87932,10.395939,0
                106.879417,10.395787,0
                106.879424,10.395669,0
                106.87939,10.395407,0
                106.879295,10.395262,0
                106.879217,10.395078,0
                106.879198,10.394928,0
                106.879169,10.394831,0
                106.879119,10.39472,0
                106.879001,10.394586,0
                106.878927,10.394447,0
                106.8789,10.394254,0
                106.878908,10.394021,0
                106.878946,10.393736,0
                106.879004,10.393493,0
                106.879057,10.393294,0
                106.87907,10.393249,0
                106.879148,10.392955,0
                106.879226,10.392819,0
                106.879295,10.39265,0
                106.879402,10.392451,0
                106.879456,10.392361,0
                106.879461,10.392303,0
                106.879426,10.392125,0
                106.879425,10.392105,0
                106.879412,10.391896,0
                106.879435,10.391805,0
                106.879493,10.391724,0
                106.879679,10.391587,0
                106.879984,10.391403,0
                106.88007,10.391374,0
                106.880156,10.391346,0
                106.880282,10.391178,0
                106.880404,10.391015,0
                106.880412,10.390932,0
                106.880467,10.390841,0
                106.880475,10.390827,0
                106.880541,10.390731,0
                106.880595,10.390591,0
                106.880604,10.390509,0
                106.880622,10.390342,0
                106.880676,10.390249,0
                106.880765,10.390147,0
                106.880768,10.390146,0
                106.880811,10.3901,0
                106.880885,10.389946,0
                106.880916,10.389822,0
                106.881082,10.389458,0
                106.881282,10.389068,0
                106.881373,10.388845,0
                106.881411,10.388611,0
                106.881401,10.388405,0
                106.881367,10.388113,0
                106.881301,10.387732,0
                106.881222,10.387417,0
                106.881107,10.387124,0
                106.881016,10.387017,0
                106.880895,10.386924,0
                106.880718,10.386401,0
                106.880659,10.38618,0
                106.880656,10.386112,0
                106.880664,10.38608,0
                106.880671,10.386049,0
                106.880674,10.386047,0
                106.880714,10.385986,0
                106.88072,10.385974,0
                106.880711,10.385914,0
                106.88062,10.385708,0
                106.880278,10.385199,0
                106.88006,10.384729,0
                106.880003,10.384345,0
                106.880005,10.384208,0
                106.880041,10.38409,0
                106.880062,10.384024,0
                106.880165,10.383877,0
                106.880043,10.383342,0
                106.880014,10.383218,0
                106.879863,10.382559,0
                106.879778,10.382523,0
                106.879679,10.382482,0
                106.879501,10.38241,0
                106.879371,10.382317,0
                106.879291,10.382229,0
                106.879275,10.382153,0
                106.879309,10.381948,0
                106.879333,10.381846,0
                106.879343,10.381789,0
                106.879329,10.381739,0
                106.87929,10.381676,0
                106.87922,10.38166,0
                106.879164,10.381683,0
                106.879106,10.381714,0
                106.879064,10.381712,0
                106.879008,10.381691,0
                106.878889,10.38156,0
                106.878762,10.381381,0
                106.878702,10.38127,0
                106.878651,10.381131,0
                106.878633,10.381041,0
                106.878609,10.380947,0
                106.87857,10.380911,0
                106.878388,10.380797,0
                106.878355,10.380777,0
                106.878173,10.380629,0
                106.878143,10.380604,0
                106.877939,10.380437,0
                106.877687,10.380231,0
                106.877432,10.380034,0
                106.877427,10.38003,0
                106.877254,10.379896,0
                106.877017,10.379713,0
                106.876843,10.379556,0
                106.876788,10.379507,0
                106.876782,10.379501,0
                106.876779,10.379498,0
                106.876777,10.379496,0
                106.876775,10.379495,0
                106.87677,10.379491,0
                106.876759,10.379481,0
                106.876716,10.379442,0
                106.876589,10.379328,0
                106.876365,10.379127,0
                106.876293,10.379086,0
                106.876239,10.37914,0
                106.876172,10.379099,0
                106.876088,10.378989,0
                106.875887,10.378725,0
                106.875831,10.378652,0
                106.875842,10.378526,0
                106.875882,10.378475,0
                106.875884,10.378472,0
                106.87589,10.378371,0
                106.87588,10.378349,0
                106.875847,10.378275,0
                106.87538,10.378033,0
                106.875302,10.378087,0
                106.875194,10.378183,0
                106.875128,10.378196,0
                106.875001,10.378119,0
                106.874976,10.377993,0
                106.875096,10.377849,0
                106.875192,10.377771,0
                106.875924,10.377626,0
                106.876019,10.377607,0
                106.876194,10.377573,0
                106.876486,10.377515,0
                106.876602,10.377492,0
                106.876779,10.377457,0
                106.877515,10.377423,0
                106.877517,10.377423,0
                106.877578,10.37742,0
                106.87759,10.377419,0
                106.877638,10.377417,0
                106.877739,10.377413,0
                106.878198,10.377391,0
                106.878409,10.377357,0
                106.878784,10.377295,0
                106.879197,10.377149,0
                106.879529,10.376946,0
                106.879811,10.376887,0
                106.880051,10.376921,0
                106.88037,10.377049,0
                106.880537,10.377112,0
                106.880683,10.377124,0
                106.880829,10.377137,0
                106.880936,10.377146,0
                106.881486,10.376999,0
                106.881869,10.376781,0
                106.882013,10.376687,0
                106.882136,10.376601,0
                106.882382,10.376613,0
                106.882709,10.376698,0
                106.883314,10.376771,0
                106.883608,10.376807,0
                106.884074,10.376832,0
                106.884333,10.376846,0
                106.884726,10.37693,0
                106.884793,10.376944,0
                106.885153,10.377021,0
                106.885534,10.377049,0
                106.885596,10.377054,0
                106.886035,10.377042,0
                106.886262,10.377036,0
                106.886508,10.376998,0
                106.887734,10.37717,0
                106.888259,10.377133,0
                106.888746,10.377098,0
                106.888984,10.377081,0
                106.889038,10.377077,0
                106.88993,10.377107,0
                106.890254,10.377062,0
                106.890567,10.377017,0
                106.890699,10.377019,0
                106.891101,10.377023,0
                106.891215,10.377025,0
                106.891835,10.377031,0
                106.89216,10.377062,0
                106.892359,10.377081,0
                106.892446,10.377089,0
                106.892558,10.3771,0
                106.892836,10.377126,0
                106.892872,10.377126,0
                106.892965,10.377125,0
                106.8933,10.377123,0
                106.893532,10.377108,0
                106.894185,10.377183,0
                106.895084,10.377263,0
                106.895295,10.377248,0
                106.895558,10.377169,0
                106.895641,10.377131,0
                106.895822,10.377108,0
                106.895968,10.377124,0
                106.89633,10.377163,0
                106.897069,10.377273,0
                106.897794,10.377233,0
                106.897933,10.377224,0
                106.89825,10.377202,0
                106.898456,10.377237,0
                106.899186,10.377363,0
                106.899701,10.377451,0
                106.899735,10.37746,0
                106.900173,10.377571,0
                106.900239,10.377628,0
                106.900297,10.377749,0
                106.9004,10.377871,0
                106.900596,10.377956,0
                106.901059,10.378087,0
                106.901156,10.378124,0
                106.902228,10.378535,0
                106.902687,10.378711,0
                106.903532,10.379054,0
                106.903554,10.379063,0
                106.903568,10.379069,0
                106.904468,10.379435,0
                106.905224,10.379743,0
                106.906298,10.380352,0
                106.90638,10.380399,0
                106.906465,10.380447,0
                106.906794,10.380634,0
                106.907273,10.380844,0
                106.907417,10.380884,0
                106.907992,10.381054,0
                106.908052,10.381077,0
                106.908103,10.381098,0
                106.908141,10.381113,0
                106.908205,10.381138,0
                106.908315,10.381181,0
                106.908432,10.381228,0
                106.90887,10.381401,0
                106.909065,10.381517,0
                106.909549,10.381804,0
                106.909717,10.381935,0
                106.910024,10.382175,0
                106.910036,10.382185,0
                106.910052,10.382198,0
                106.910071,10.382212,0
                106.910192,10.382216,0
                106.910232,10.382217,0
                106.910394,10.382222,0
                106.910511,10.382177,0
                106.910685,10.382198,0
                106.911041,10.382339,0
                106.911434,10.382545,0
                106.911746,10.382629,0
                106.912036,10.382606,0
                106.912209,10.382562,0
                106.912265,10.382487,0
                106.912281,10.382485,0
                106.912314,10.382461,0
                106.912449,10.382365,0
                106.912608,10.382249,0
                106.912738,10.382221,0
                106.912767,10.382215,0
                106.912976,10.382314,0
                106.913126,10.382361,0
                106.913227,10.38236,0
                106.913304,10.382297,0
                106.913333,10.382273,0
                106.91341,10.382187,0
                106.913471,10.382102,0
                106.914557,10.382537,0
                106.91536,10.382859,0
                106.915715,10.3829,0
                106.915954,10.382898,0
                106.916578,10.381782,0
                106.916661,10.381436,0
                106.916705,10.381392,0
                106.91683,10.381391,0
                106.916923,10.381467,0
                106.917015,10.38162,0
                106.917088,10.381715,0
                106.917113,10.381727,0
                106.917248,10.381791,0
                106.917578,10.381888,0
                106.917597,10.381894,0
                106.917979,10.381963,0
                106.918347,10.382071,0
                106.918676,10.382256,0
                106.918953,10.382479,0
                106.919196,10.382761,0
                106.919211,10.382777,0
                106.919269,10.382845,0
                106.919397,10.38299,0
                106.919508,10.383117,0
                106.919876,10.383444,0
                106.920318,10.3837,0
                106.920601,10.38382,0
                106.920653,10.383842,0
                106.920672,10.38384,0
                106.920732,10.383836,0
                106.920797,10.383831,0
                106.920875,10.383793,0
                106.921053,10.383705,0
                106.92128,10.383699,0
                106.92143,10.383746,0
                106.921556,10.383894,0
                106.921644,10.384065,0
                106.921645,10.384128,0
                106.921597,10.384228,0
                106.921501,10.384368,0
                106.921246,10.384527,0
                106.921174,10.384585,0
                106.921107,10.384666,0
                106.920978,10.384916,0
                106.920923,10.385032,0
                106.920703,10.385495,0
                106.920658,10.385588,0
                106.920625,10.385698,0
                106.920633,10.385737,0
                106.920655,10.385841,0
                106.920729,10.385999,0
                106.920696,10.386142,0
                106.920698,10.386286,0
                106.920805,10.386333,0
                106.921299,10.38656,0
                106.922358,10.387122,0
                106.922978,10.387451,0
                106.923509,10.387733,0
                106.924022,10.38799,0
                106.92421,10.388084,0
                106.925898,10.388968,0
                106.927522,10.389818,0
                106.928991,10.390541,0
                106.92938,10.390703,0
                106.929776,10.390867,0
                106.93099,10.391354,0
                106.932999,10.392469,0
                106.933938,10.392919,0
                106.934389,10.393261,0
                106.934645,10.393618,0
                106.93477,10.393954,0
                106.934773,10.394023,0
                106.934775,10.394091,0
                106.934776,10.394114,0
                106.934779,10.394227,0
                106.93495,10.394308,0
                106.93519,10.394422,0
                106.935478,10.394558,0
                106.935957,10.394785,0
                106.936071,10.394756,0
                106.936224,10.394715,0
                106.936278,10.39471,0
                106.936437,10.394696,0
                106.936622,10.394678,0
                106.936997,10.394644,0
                106.937647,10.394658,0
                106.937674,10.394659,0
                106.938207,10.394722,0
                106.93867,10.394777,0
                106.93884,10.394806,0
                106.939063,10.394845,0
                106.939908,10.39499,0
                106.940424,10.395152,0
                106.940656,10.395225,0
                106.94167,10.395543,0
                106.942294,10.395777,0
                106.943578,10.396259,0
                106.943845,10.396365,0
                106.944549,10.396645,0
                106.94468,10.396697,0
                106.944857,10.396768,0
                106.945213,10.396916,0
                106.945573,10.397066,0
                106.945663,10.397103,0
                106.946533,10.397466,0
                106.947357,10.397795,0
                106.94758,10.397885,0
                106.947686,10.397927,0
                106.947819,10.397961,0
                106.949051,10.398273,0
                106.949185,10.398325,0
                106.951532,10.399238,0
                106.951763,10.399328,0
                106.951884,10.399341,0
                106.951976,10.399319,0
                106.952044,10.399299,0
                106.952102,10.399304,0
                106.952189,10.399361,0
                106.952279,10.399465,0
                106.952359,10.399518,0
                106.952412,10.399534,0
                106.95262,10.399615,0
                106.953887,10.400104,0
                106.953895,10.400107,0
                106.954901,10.400495,0
                106.955728,10.400767,0
                106.956131,10.400899,0
                106.956508,10.401043,0
                106.958074,10.401643,0
                106.95864,10.401859,0
                106.958961,10.402021,0
                106.960489,10.402788,0
                106.960598,10.402842,0
                106.961305,10.403176,0
                106.961858,10.403437,0
                106.962231,10.403599,0
                106.96297,10.403921,0
                106.963431,10.404121,0
                106.963854,10.404305,0
                106.964184,10.404427,0
                106.965413,10.404879,0
                106.966312,10.405267,0
                106.966615,10.405398,0
                106.967199,10.405582,0
                106.967419,10.405651,0
                106.967459,10.405668,0
                106.967802,10.405812,0
                106.968266,10.406006,0
                106.968727,10.406198,0
                106.969001,10.4063,0
                106.969496,10.406485,0
                106.969637,10.406537,0
                106.9702,10.40678,0
                106.970684,10.40699,0
                106.970952,10.407104,0
                106.970994,10.407122,0
                106.971325,10.40756,0
                106.972028,10.408617,0
                106.972273,10.40915,0
                106.972327,10.409269,0
                106.972576,10.40981,0
                106.972907,10.410238,0
                106.973317,10.410752,0
                106.973362,10.410873,0
                106.973923,10.412367,0
                106.974044,10.41269,0
                106.974387,10.414007,0
                106.974475,10.414256,0
                106.974529,10.414409,0
                106.974571,10.414529,0
                106.974697,10.415072,0
                106.974711,10.415132,0
                106.974754,10.415739,0
                106.974631,10.415874,0
                106.974475,10.415988,0
                106.974381,10.416045,0
                106.97405,10.416245,0
                106.973925,10.416315,0
                106.97371,10.416436,0
                106.97343,10.416551,0
                106.973267,10.416582,0
                106.973138,10.416621,0
                106.973045,10.416688,0
                106.97293,10.416799,0
                106.972762,10.41698,0
                106.972604,10.417154,0
                106.972408,10.417332,0
                106.972311,10.417392,0
                106.972222,10.417446,0
                106.97213,10.41747,0
                106.972044,10.417492,0
                106.971902,10.417532,0
                106.971597,10.417537,0
                106.971377,10.417502,0
                106.971102,10.417486,0
                106.971058,10.417477,0
                106.970926,10.417448,0
                106.970848,10.417431,0
                106.970796,10.417408,0
                106.970714,10.417372,0
                106.97062,10.417289,0
                106.970456,10.417074,0
                106.970176,10.41675,0
                106.970159,10.416738,0
                106.970027,10.416644,0
                106.969927,10.416584,0
                106.969671,10.41657,0
                106.969585,10.416565,0
                106.969569,10.416564,0
                106.969356,10.416552,0
                106.969353,10.416552,0
                106.969263,10.416589,0
                106.969103,10.416691,0
                106.96892,10.4168,0
                106.968417,10.417092,0
                106.9683,10.41716,0
                106.968131,10.417229,0
                106.968065,10.417233,0
                106.968004,10.417188,0
                106.967913,10.417051,0
                106.967655,10.416455,0
                106.966221,10.416305,0
                106.966073,10.41629,0
                106.965734,10.416255,0
                106.965586,10.416239,0
                106.965541,10.416278,0
                106.965481,10.416294,0
                106.965369,10.416297,0
                106.965106,10.416338,0
                106.964898,10.416402,0
                106.964777,10.416476,0
                106.964495,10.416629,0
                106.964349,10.416758,0
                106.964346,10.416761,0
                106.96425,10.416845,0
                106.964181,10.416948,0
                106.964121,10.417038,0
                106.964042,10.417155,0
                106.963882,10.417595,0
                106.963807,10.417802,0
                106.963697,10.418095,0
                106.963614,10.418313,0
                106.963602,10.418331,0
                106.963599,10.418335,0
                106.963547,10.418409,0
                106.963478,10.418508,0
                106.963304,10.418666,0
                106.96293,10.419006,0
                106.962401,10.41947,0
                106.962072,10.419757,0
                106.962042,10.419783,0
                106.961791,10.419996,0
                106.961658,10.420152,0
                106.961417,10.420436,0
                106.961164,10.420713,0
                106.960901,10.421003,0
                106.960846,10.421063,0
                106.960845,10.421064,0
                106.960764,10.421107,0
                106.960662,10.42112,0
                106.960597,10.421094,0
                106.960519,10.420994,0
                106.960356,10.42078,0
                106.960142,10.420559,0
                106.960107,10.420529,0
                106.960087,10.420512,0
                106.959785,10.420252,0
                106.959617,10.420124,0
                106.959467,10.42001,0
                106.959399,10.419958,0
                106.959328,10.419939,0
                106.959297,10.419939,0
                106.959273,10.419968,0
                106.959218,10.420033,0
                106.959178,10.420189,0
                106.959159,10.420328,0
                106.959109,10.420402,0
                106.959083,10.420422,0
                106.959041,10.420407,0
                106.958612,10.420759,0
                106.958102,10.421177,0
                106.958139,10.421248,0
                106.958154,10.421318,0
                106.958108,10.42151,0
                106.95802,10.421752,0
                106.957917,10.421868,0
                106.957824,10.421884,0
                106.957414,10.421815,0
                106.957328,10.421828,0
                106.957284,10.421854,0
                106.95726,10.421893,0
                106.957247,10.421937,0
                106.957251,10.421991,0
                106.957324,10.422089,0
                106.957467,10.422203,0
                106.957498,10.422266,0
                106.957501,10.422289,0
                106.957471,10.422335,0
                106.957405,10.422379,0
                106.957251,10.42243,0
                106.956863,10.422474,0
                106.956537,10.422559,0
                106.956152,10.422741,0
                106.955911,10.422862,0
                106.955888,10.422902,0
                106.955749,10.422995,0
                106.955695,10.423031,0
                106.955411,10.423426,0
                106.955299,10.423533,0
                106.955204,10.423609,0
                106.955072,10.423649,0
                106.954998,10.423647,0
                106.954924,10.423621,0
                106.954879,10.423585,0
                106.954805,10.42357,0
                106.954651,10.423598,0
                106.954491,10.423611,0
                106.954312,10.423596,0
                106.95426,10.423594,0
                106.954157,10.42355,0
                106.95411,10.423499,0
                106.954076,10.423491,0
                106.954035,10.423562,0
                106.954012,10.423623,0
                106.953946,10.423616,0
                106.953823,10.423598,0
                106.953745,10.42363,0
                106.953707,10.423673,0
                106.953711,10.423705,0
                106.953833,10.423776,0
                106.954048,10.423937,0
                106.954093,10.423977,0
                106.954102,10.424005,0
                106.954087,10.424048,0
                106.953997,10.424112,0
                106.953831,10.424228,0
                106.95375,10.424341,0
                106.953691,10.424543,0
                106.953647,10.424576,0
                106.953473,10.424627,0
                106.953263,10.42467,0
                106.953184,10.424667,0
                106.953071,10.424631,0
                106.953031,10.424624,0
                106.952943,10.424637,0
                106.95281,10.424704,0
                106.95272,10.424789,0
                106.952608,10.424876,0
                106.952317,10.424992,0
                106.951789,10.425201,0
                106.951633,10.425285,0
                106.951587,10.42531,0
                106.951571,10.425335,0
                106.951634,10.42536,0
                106.951668,10.425457,0
                106.951659,10.425619,0
                106.951578,10.425696,0
                106.951386,10.425745,0
                106.951214,10.42578,0
                106.951111,10.425775,0
                106.951075,10.425757,0
                106.951034,10.425693,0
                106.951,10.425685,0
                106.950971,10.425711,0
                106.950942,10.425776,0
                106.950865,10.425808,0
                106.95079,10.425809,0
                106.950554,10.425813,0
                106.950092,10.425799,0
                106.949977,10.425813,0
                106.949948,10.425838,0
                106.949951,10.426003,0
                106.949939,10.426085,0
                106.949701,10.426182,0
                106.949507,10.426198,0
                106.949192,10.42616,0
                106.949018,10.426128,0
                106.948796,10.426126,0
                106.948756,10.426135,0
                106.948648,10.426184,0
                106.948582,10.426237,0
                106.948485,10.426269,0
                106.94824,10.42636,0
                106.948138,10.426398,0
                106.948142,10.426569,0
                106.948059,10.426689,0
                106.948027,10.426741,0
                106.947963,10.426845,0
                106.947928,10.427084,0
                106.947858,10.427372,0
                106.947726,10.427624,0
                106.947357,10.427812,0
                106.946815,10.427943,0
                106.946674,10.428038,0
                106.946644,10.428149,0
                106.946596,10.428408,0
                106.946536,10.428522,0
                106.946379,10.42866,0
                106.946259,10.428731,0
                106.946167,10.428821,0
                106.946097,10.428925,0
                106.946034,10.429028,0
                106.946044,10.429103,0
                106.946061,10.429167,0
                106.946033,10.429256,0
                106.945966,10.429288,0
                106.945852,10.429371,0
                106.945774,10.429491,0
                106.945712,10.42959,0
                106.945636,10.429767,0
                106.945554,10.429957,0
                106.945422,10.430065,0
                106.945302,10.430234,0
                106.945292,10.430497,0
                106.945269,10.430736,0
                106.945198,10.430916,0
                106.945005,10.431025,0
                106.944826,10.431037,0
                106.94387,10.432216,0
                106.943962,10.432346,0
                106.944011,10.432466,0
                106.943952,10.432621,0
                106.943854,10.43271,0
                106.943756,10.432798,0
                106.943629,10.432868,0
                106.943586,10.432889,0
                106.943311,10.432936,0
                106.942808,10.433038,0
                106.942578,10.43312,0
                106.942458,10.433312,0
                106.942406,10.433671,0
                106.942377,10.433935,0
                106.94233,10.43415,0
                106.942054,10.434451,0
                106.942013,10.434492,0
                106.941995,10.43451,0
                106.94173,10.434776,0
                106.941728,10.434795,0
                106.941712,10.434913,0
                106.94166,10.435007,0
                106.941529,10.435096,0
                106.940788,10.435236,0
                106.940578,10.435253,0
                106.940434,10.435218,0
                106.940313,10.435218,0
                106.94013,10.43525,0
                106.940113,10.435325,0
                106.939899,10.435436,0
                106.939736,10.435458,0
                106.939126,10.43556,0
                106.939068,10.435658,0
                106.938963,10.435769,0
                106.938544,10.435925,0
                106.938214,10.436029,0
                106.938054,10.436038,0
                106.937389,10.437233,0
                106.936309,10.439174,0
                106.935899,10.43991,0
                106.935811,10.440068,0
                106.933872,10.443553,0
                106.933844,10.443683,0
                106.933818,10.443807,0
                106.933797,10.443904,0
                106.933794,10.443919,0
                106.933639,10.444255,0
                106.933628,10.444276,0
                106.933615,10.4443,0
                106.933535,10.444447,0
                106.933423,10.444656,0
                106.933412,10.444675,0
                106.933287,10.444768,0
                106.933246,10.444785,0
                106.933231,10.444809,0
                106.93323,10.44482,0
                106.933227,10.444845,0
                106.933239,10.444883,0
                106.933248,10.44491,0
                106.93325,10.444914,0
                106.93325,10.445058,0
                106.933187,10.445161,0
                106.933106,10.44525,0
                106.932986,10.445347,0
                106.932964,10.445373,0
                106.932963,10.445375,0
                106.932754,10.445636,0
                106.932709,10.445715,0
                106.932591,10.445923,0
                106.932455,10.446164,0
                106.932438,10.446211,0
                106.932379,10.446378,0
                106.932374,10.446388,0
                106.932499,10.447387,0
                106.932562,10.447897,0
                106.93257,10.44795,0
                106.932606,10.448209,0
                106.932613,10.448256,0
                106.932648,10.448483,0
                106.932663,10.448582,0
                106.932676,10.448662,0
                106.932569,10.448961,0
                106.932583,10.449224,0
                106.932585,10.449231,0
                106.932587,10.449235,0
                106.932693,10.449499,0
                106.932719,10.449578,0
                106.932755,10.449686,0
                106.932804,10.449833,0
                106.932825,10.449859,0
                106.932901,10.449952,0
                106.932914,10.450071,0
                106.932806,10.450204,0
                106.93259,10.450384,0
                106.932554,10.45054,0
                106.932616,10.450731,0
                106.932701,10.45085,0
                106.932702,10.451007,0
                106.932703,10.451053,0
                106.932669,10.451177,0
                106.932604,10.451419,0
                106.932596,10.451449,0
                106.932581,10.451461,0
                106.932468,10.451553,0
                106.932428,10.451558,0
                106.932411,10.45156,0
                106.932358,10.451567,0
                106.932337,10.451575,0
                106.932304,10.451588,0
                106.93228,10.451597,0
                106.932231,10.451769,0
                106.932149,10.451999,0
                106.932083,10.452185,0
                106.932078,10.452197,0
                106.932264,10.452416,0
                106.932349,10.452503,0
                106.932404,10.45256,0
                106.932386,10.452605,0
                106.932346,10.452642,0
                106.932339,10.452651,0
                106.932292,10.452717,0
                106.932287,10.452789,0
                106.932313,10.452844,0
                106.932326,10.452854,0
                106.932373,10.452889,0
                106.932458,10.452934,0
                106.932476,10.452971,0
                106.932459,10.453008,0
                106.932423,10.453032,0
                106.932389,10.453074,0
                106.932373,10.45314,0
                106.93237,10.453184,0
                106.932393,10.453248,0
                106.932459,10.453299,0
                106.932568,10.453345,0
                106.932577,10.453372,0
                106.932567,10.453408,0
                106.932528,10.453476,0
                106.932494,10.453698,0
                106.932462,10.453874,0
                106.932434,10.45401,0
                106.93235,10.454216,0
                106.932275,10.454475,0
                106.932261,10.454568,0
                106.932295,10.454613,0
                106.932339,10.454637,0
                106.932384,10.454691,0
                106.932368,10.454745,0
                106.932346,10.454871,0
                106.932312,10.454919,0
                106.932182,10.455048,0
                106.932142,10.455087,0
                106.932133,10.455105,0
                106.932103,10.455186,0
                106.932092,10.455272,0
                106.932098,10.455306,0
                106.932122,10.455335,0
                106.932156,10.455361,0
                106.932161,10.455364,0
                106.93218,10.455374,0
                106.932238,10.45539,0
                106.932303,10.45539,0
                106.932344,10.455398,0
                106.932375,10.455419,0
                106.932395,10.455447,0
                106.932397,10.455498,0
                106.932385,10.455537,0
                106.932364,10.455572,0
                106.932337,10.455596,0
                106.932264,10.455634,0
                106.93223,10.455712,0
                106.932188,10.455898,0
                106.932189,10.456111,0
                106.932189,10.456142,0
                106.932201,10.456178,0
                106.932288,10.456446,0
                106.932335,10.45659,0
                106.932366,10.456685,0
                106.932367,10.456687,0
                106.932559,10.457087,0
                106.932587,10.457144,0
                106.932589,10.457148,0
                106.932707,10.457323,0
                106.932728,10.457354,0
                106.933059,10.457842,0
                106.933096,10.4579,0
                106.933181,10.458065,0
                106.933182,10.458092,0
                106.933172,10.458112,0
                106.933139,10.458138,0
                106.933136,10.45814,0
                106.933074,10.458169,0
                106.933059,10.458183,0
                106.933058,10.458199,0
                106.933087,10.458347,0
                106.93316,10.458476,0
                106.933402,10.458509,0
                106.933425,10.458557,0
                106.933597,10.458902,0
                106.933645,10.458999,0
                106.933769,10.459247,0
                106.934175,10.460062,0
                106.93428,10.460273,0
                106.934302,10.460318,0
                106.934304,10.460325,0
                106.934407,10.46073,0
                106.93446,10.460937,0
                106.934457,10.461052,0
                106.934473,10.461181,0
                106.934575,10.461276,0
                106.934615,10.461336,0
                106.934688,10.46158,0
                106.934685,10.461616,0
                106.934683,10.461659,0
                106.934661,10.461997,0
                106.934309,10.462362,0
                106.934266,10.462406,0
                106.934243,10.46243,0
                106.934042,10.46266,0
                106.934043,10.462917,0
                106.934046,10.463335,0
                106.934024,10.463505,0
                106.934004,10.463651,0
                106.933869,10.463782,0
                106.933763,10.463867,0
                106.933741,10.463884,0
                106.933676,10.463919,0
                106.933626,10.463932,0
                106.933582,10.46393,0
                106.933504,10.463889,0
                106.933469,10.463882,0
                106.933194,10.463872,0
                106.933154,10.463873,0
                106.933062,10.463888,0
                106.933057,10.463889,0
                106.932977,10.463888,0
                106.932859,10.463906,0
                106.932749,10.463971,0
                106.932689,10.46408,0
                106.932677,10.464169,0
                106.932705,10.464279,0
                106.932784,10.464332,0
                106.932866,10.464387,0
                106.932919,10.464423,0
                106.932997,10.464513,0
                106.933018,10.464639,0
                106.932982,10.464739,0
                106.932908,10.464781,0
                106.932829,10.464821,0
                106.932771,10.464851,0
                106.932738,10.464867,0
                106.93258,10.464975,0
                106.93252,10.465116,0
                106.932501,10.465168,0
                106.932444,10.465322,0
                106.932339,10.46551,0
                106.932217,10.465644,0
                106.932093,10.465732,0
                106.931923,10.465763,0
                106.931888,10.465769,0
                106.931751,10.465844,0
                106.931692,10.465902,0
                106.931584,10.466011,0
                106.931494,10.466071,0
                106.931466,10.466089,0
                106.931456,10.466096,0
                106.931432,10.466111,0
                106.931379,10.466143,0
                106.931319,10.46621,0
                106.931233,10.466443,0
                106.931214,10.466515,0
                106.931147,10.466564,0
                106.931059,10.466641,0
                106.931043,10.466726,0
                106.931064,10.466877,0
                106.93108,10.4669,0
                106.931083,10.466904,0
                106.93111,10.466942,0
                106.931211,10.466996,0
                106.93139,10.467098,0
                106.938018,10.469666,0
                106.938573,10.469881,0
                106.938335,10.470181,0
                106.938269,10.470449,0
                106.93825,10.470525,0
                106.938181,10.470807,0
                106.938063,10.471439,0
                106.938221,10.472652,0
                106.93864,10.473647,0
                106.939311,10.474454,0
                106.939721,10.474947,0
                106.942425,10.477332,0
                106.945056,10.479651,0
                106.94547,10.480026,0
                106.946794,10.481225,0
                106.949157,10.483363,0
                106.9505,10.485537,0
                106.95084,10.486881,0
                106.950679,10.49011,0
                106.950665,10.490189,0
                106.950527,10.490967,0
                106.950448,10.491407,0
                106.950398,10.491692,0
                106.949886,10.494563,0
                106.949825,10.4949,0
                106.94975,10.495325,0
                106.949746,10.495348,0
                106.949579,10.496445,0
                106.949338,10.498034,0
                106.949256,10.498576,0
                106.949222,10.4988,0
                106.949194,10.498984,0
                106.949098,10.50068,0
                106.949086,10.501095,0
                106.949082,10.501231,0
                106.949083,10.501452,0
                106.949093,10.502916,0
                106.949234,10.50563,0
                106.949215,10.50824,0
                106.949179,10.50878,0
                106.949127,10.509568,0
              </coordinates>
            </LinearRing>
          </outerBoundaryIs>
        </Polygon>
      </MultiGeometry>
    </Placemark>
    <Placemark>
      <name>Vin Can Gio 1</name>
      <description><![CDATA[description: <br>ma_xa: <br>ten_xa: <br>sap_nhap: <br>tru_so: <br>loai: <br>cap: <br>stt: <br>dtich_km2: <br>dan_so: <br>matdo_km2: <br>ma_tinh: <br>ten_tinh: <br>desc: <br>_styleId: <br>GIÁO XỨ/ DÒNG: KDC lanbien]]></description>
      <styleUrl>#poly-EDA29B-1200-133</styleUrl>
      <ExtendedData>
        <Data name="description">
          <value/>
        </Data>
        <Data name="ma_xa">
          <value/>
        </Data>
        <Data name="ten_xa">
          <value/>
        </Data>
        <Data name="sap_nhap">
          <value/>
        </Data>
        <Data name="tru_so">
          <value/>
        </Data>
        <Data name="loai">
          <value/>
        </Data>
        <Data name="cap">
          <value/>
        </Data>
        <Data name="stt">
          <value/>
        </Data>
        <Data name="dtich_km2">
          <value/>
        </Data>
        <Data name="dan_so">
          <value/>
        </Data>
        <Data name="matdo_km2">
          <value/>
        </Data>
        <Data name="ma_tinh">
          <value/>
        </Data>
        <Data name="ten_tinh">
          <value/>
        </Data>
        <Data name="desc">
          <value/>
        </Data>
        <Data name="_styleId">
          <value/>
        </Data>
        <Data name="GIÁO XỨ/ DÒNG">
          <value>KDC lanbien</value>
        </Data>
      </ExtendedData>
      <Polygon>
        <outerBoundaryIs>
          <LinearRing>
            <tessellate>1</tessellate>
            <coordinates>
              106.8833932,10.376809,0
              106.8846326,10.3706168,0
              106.8889242,10.3647067,0
              106.9014554,10.355757,0
              106.9131284,10.3538995,0
              106.9284062,10.355757,0
              106.9375043,10.3618361,0
              106.9416242,10.3657199,0
              106.9548421,10.371461,0
              106.9651418,10.3797349,0
              106.9744115,10.3954377,0
              106.9753557,10.4048084,0
              106.9757419,10.4126171,0
              106.9740575,10.4125433,0
              106.973403,10.4109077,0
              106.97115,10.4070878,0
              106.9668584,10.4053994,0
              106.939784,10.395298,0
              106.9003019,10.3768935,0
              106.8833932,10.376809,0
            </coordinates>
          </LinearRing>
        </outerBoundaryIs>
      </Polygon>
    </Placemark>
    <Placemark>
      <name>Vin Can Gio 2</name>
      <description><![CDATA[description: <br>ma_xa: <br>ten_xa: <br>sap_nhap: <br>tru_so: <br>loai: <br>cap: <br>stt: <br>dtich_km2: <br>dan_so: <br>matdo_km2: <br>ma_tinh: <br>ten_tinh: <br>desc: <br>_styleId: <br>GIÁO XỨ/ DÒNG: KDC lanbien2]]></description>
      <styleUrl>#line-FF5252-1200</styleUrl>
      <ExtendedData>
        <Data name="description">
          <value/>
        </Data>
        <Data name="ma_xa">
          <value/>
        </Data>
        <Data name="ten_xa">
          <value/>
        </Data>
        <Data name="sap_nhap">
          <value/>
        </Data>
        <Data name="tru_so">
          <value/>
        </Data>
        <Data name="loai">
          <value/>
        </Data>
        <Data name="cap">
          <value/>
        </Data>
        <Data name="stt">
          <value/>
        </Data>
        <Data name="dtich_km2">
          <value/>
        </Data>
        <Data name="dan_so">
          <value/>
        </Data>
        <Data name="matdo_km2">
          <value/>
        </Data>
        <Data name="ma_tinh">
          <value/>
        </Data>
        <Data name="ten_tinh">
          <value/>
        </Data>
        <Data name="desc">
          <value/>
        </Data>
        <Data name="_styleId">
          <value/>
        </Data>
        <Data name="GIÁO XỨ/ DÒNG">
          <value>KDC lanbien2</value>
        </Data>
      </ExtendedData>
      <LineString>
        <tessellate>1</tessellate>
        <coordinates>
          106.9614277,10.3766351,0
          106.9681225,10.3724137,0
          106.9745598,10.3700497,0
          106.9771347,10.3675169,0
          106.9784222,10.364984,0
          106.9785938,10.3605091,0
          106.9784222,10.3586516,0
        </coordinates>
      </LineString>
    </Placemark>
  </Document>
</kml>
